Id,MSSubClass,LotFrontage,LotArea,Street,Utilities,OverallQual,OverallCond,YearBuilt,YearRemodAdd,MasVnrArea,TotalBsmtSF,CentralAir,1stFlrSF,2ndFlrSF,LowQualFinSF,GrLivArea,BsmtFullBath,BsmtHalfBath,FullBath,HalfBath,BedroomAbvGr,KitchenAbvGr,TotRmsAbvGrd,Fireplaces,GarageYrBlt,GarageCars,GarageArea,WoodDeckSF,OpenPorchSF,EnclosedPorch,3SsnPorch,ScreenPorch,PoolArea,MiscVal,MoSold,YrSold,SalePrice
0.9694889397406561,0.2857142857142857,0.6986301369863014,0.5768369175627239,0.0,0.0,0.75,0.25,0.989010989010989,0.9824561403508767,0.0,0.17161716171617164,1.0,0.038532110091743066,0.6385964912280702,0.0,0.375551354757404,0.0,0.0,1.0,1.0,0.5,0.0,0.6666666666666666,0.5,0.9870129870129851,0.5,0.3939393939393939,0.0,0.0,0.0,0.0,0.0,0.0,0.0,0.5555555555555555,0.25,0.2810212023560996
0.8832951945080092,0.49999999999999994,0.4931506849315068,0.324820788530466,0.0,0.0,0.25,0.5,0.5054945054945037,0.21052631578947256,0.2714932126696833,0.48349834983498347,1.0,0.46238532110091746,0.0,0.0,0.20793950850661624,1.0,0.0,0.0,0.0,0.5,0.0,0.33333333333333337,0.0,0.4155844155844157,0.5,0.5454545454545455,0.0,0.10465116279069767,0.0,0.0,0.0,0.0,0.0,0.33333333333333337,0.0,0.1822081447197368
0.5797101449275363,0.0,0.9041095890410958,0.4947729988052569,0.0,0.0,0.5,0.5,0.5274725274725256,0.24561403508771917,0.40723981900452494,0.8217821782178216,1.0,0.761467889908257,0.0,0.0,0.4133585381222432,0.0,0.0,0.0,1.0,0.5,0.0,0.33333333333333337,0.0,0.4415584415584419,0.5,0.4424242424242425,0.0,0.0,0.0,0.0,0.9500000000000001,0.0,0.0,0.0,0.75,0.3282998733871685
0.26773455377574373,0.0,0.5205479452054794,0.4198028673835125,0.0,0.0,0.5,0.25,0.439560439560438,0.10526315789473273,0.16742081447963802,0.5577557755775577,1.0,0.4678899082568808,0.0,0.0,0.2117202268431002,1.0,0.0,0.0,0.0,0.0,0.0,0.33333333333333337,0.5,0.3376623376623371,0.0,0.1772727272727273,0.0,0.2558139534883721,0.0,0.0,0.0,0.0,0.0,0.33333333333333337,0.5,0.20973267330925294
0.15255530129672007,0.0,0.6301369863013698,0.4646057347670251,0.0,0.0,0.5,0.5,0.4615384615384599,0.6666666666666643,0.414027149321267,0.5940594059405939,1.0,0.8678899082568807,0.0,0.0,0.48645242596093263,1.0,0.0,1.0,0.0,0.5,0.0,0.33333333333333337,0.5,0.3636363636363633,0.0,0.23939393939393938,0.8626865671641791,0.0,0.0,0.0,0.0,0.0,0.0,0.2222222222222222,0.75,0.20973267330925294
0.17009916094584288,0.2142857142857143,0.5616438356164383,0.771505376344086,0.0,0.0,0.25,0.25,0.3736263736263723,0.0,0.0,0.3217821782178218,1.0,0.20550458715596331,0.5684210526315789,0.0,0.43982356647763077,0.0,0.0,0.0,1.0,1.0,0.0,0.33333333333333337,0.0,0.2597402597402585,0.0,0.15454545454545454,0.8626865671641791,0.0,0.0,0.0,0.0,0.0,0.0,0.4444444444444444,0.25,0.2647817304882851
0.8947368421052632,0.2857142857142857,0.4246575342465754,0.35446535244922345,0.0,0.0,0.75,0.25,0.9780219780219781,0.9824561403508767,0.0,0.1947194719471947,1.0,0.06422018348623848,0.6991228070175439,0.0,0.4366729678638942,0.0,0.0,1.0,1.0,0.5,0.0,0.33333333333333337,0.0,0.9740259740259738,0.5,0.6590909090909091,0.0,0.2616279069767442,0.0,0.0,0.0,0.0,0.0,0.1111111111111111,0.0,0.4108734591557168
0.5408085430968727,0.0,0.45205479452054786,0.963784348864994,0.0,0.0,0.75,0.25,0.9340659340659307,0.9122807017543835,0.0,0.7367986798679866,1.0,0.6825688073394496,0.0,0.0,0.3591682419659735,0.0,0.0,1.0,0.0,0.5,0.0,0.33333333333333337,0.0,0.9220779220779214,0.5,0.6439393939393939,0.0,0.19186046511627908,0.0,0.0,0.0,0.0,0.0,0.4444444444444444,0.75,0.41341418487167214
0.6323417238749046,0.2857142857142857,0.39726027397260266,0.3357974910394265,0.0,0.0,0.75,0.25,0.9560439560439526,0.9298245614035068,0.0,0.21699669966996699,1.0,0.11100917431192658,0.6157894736842106,0.0,0.40894770006301195,0.0,0.0,1.0,1.0,0.5,0.0,0.6666666666666666,0.5,0.9480519480519476,0.5,0.32272727272727275,0.0,0.436046511627907,0.0,0.0,0.0,0.0,0.0,0.5555555555555555,0.0,0.3833489305662007
0.07246376811594202,0.2857142857142857,0.3835616438356164,0.36335125448028677,0.0,0.0,0.75,0.25,0.9670329670329672,0.9473684210526301,0.0,0.26402640264026406,1.0,0.14128440366972472,0.7719298245614036,0.0,0.5419029615626969,0.0,0.0,1.0,1.0,0.5,0.0,0.4999999999999999,0.5,0.9610389610389589,0.5,0.3939393939393939,0.2985074626865672,0.27906976744186046,0.0,0.0,0.0,0.0,0.0,0.33333333333333337,0.25,0.39816983057594013
0.17238749046529367,0.0,0.6301369863013698,0.7931600955794502,0.0,0.0,0.5,1.0,0.3736263736263723,0.9473684210526301,0.0,0.47194719471947194,1.0,0.4275229357798165,0.0,0.0,0.18399495904221808,0.0,1.0,0.0,0.0,0.5,0.0,0.33333333333333337,0.5,0.2597402597402585,0.0,0.18181818181818182,0.0,0.20930232558139533,0.0,0.0,0.0,0.0,0.0,0.6666666666666666,0.75,0.2923062590778013
0.9702517162471396,0.07142857142857142,0.2191780821917808,0.1957885304659498,0.0,0.0,0.0,0.0,0.0439560439560438,0.0,0.0,0.36303630363036304,1.0,0.2513761467889908,0.0,0.0,0.06301197227473221,0.0,0.0,0.0,0.0,0.0,0.0,0.16666666666666663,0.0,0.870129870129869,0.0,0.19393939393939397,0.0,0.0,0.9333333333333333,0.0,0.0,0.0,0.0,0.5555555555555555,0.25,0.0805791160815234
0.6483600305110603,0.7142857142857142,0.2191780821917808,0.3460274790919952,0.0,0.0,0.5,0.25,0.8461538461538431,0.7719298245614041,0.0,0.8943894389438942,1.0,0.8541284403669724,0.0,0.0,0.4770006301197227,1.0,0.0,1.0,0.0,0.0,0.0,0.16666666666666663,0.5,0.8181818181818166,0.5,0.5348484848484849,0.0,0.4011627906976744,0.0,0.0,0.0,0.0,0.0,0.5555555555555555,0.5,0.438397987745233
0.007627765064835999,0.0,0.6301369863013698,0.4117383512544803,0.0,0.0,0.25,0.25,0.4835164835164818,0.17543859649122595,0.14932126696832582,0.44966996699669964,1.0,0.34770642201834856,0.0,0.0,0.12917454316320098,0.0,0.0,0.0,1.0,0.5,0.0,0.33333333333333337,0.0,0.5714285714285694,0.5,0.4257575757575758,0.2208955223880597,0.0,0.0,0.0,0.0,0.0,0.0,0.5555555555555555,0.25,0.1568008875601834
0.9214340198321892,0.0,0.2191780821917808,0.3487903225806452,0.0,0.0,0.75,0.25,0.8131868131868103,0.7017543859649109,0.12217194570135748,0.6509900990099009,1.0,0.5990825688073393,0.0,0.0,0.30182734719596727,1.0,0.0,1.0,0.0,0.0,0.0,0.33333333333333337,0.5,0.779220779220779,0.5,0.4606060606060606,0.0,0.3372093023255814,0.0,0.0,0.5625,0.0,0.0,0.5555555555555555,0.0,0.3833489305662007
0.3691838291380626,0.2142857142857143,0.3561643835616438,0.5721326164874552,0.0,0.0,0.0,0.5,0.0439560439560438,0.0,0.0,0.09653465346534656,1.0,0.19357798165137607,0.38508771929824565,0.0,0.2999369880277253,0.0,0.0,0.0,1.0,0.5,0.0,0.4999999999999999,0.0,0.8311688311688314,0.0,0.5909090909090909,0.0,0.27325581395348836,0.6666666666666667,0.0,0.0,0.0,0.0,0.7777777777777778,0.0,0.07846184465156064
0.7673531655225019,0.0,0.4246575342465754,0.4030017921146953,0.0,0.0,0.25,0.25,0.8571428571428541,0.7719298245614041,0.0,0.3877887788778878,1.0,0.27889908256880735,0.0,0.0,0.08191556395715194,0.0,0.0,0.0,0.0,0.5,0.0,0.16666666666666663,0.0,0.8571428571428577,0.0,0.1803030303030303,0.0,0.37209302325581395,0.0,0.0,0.0,0.0,0.0,0.2222222222222222,0.25,0.15468361613022064
0.17543859649122806,0.0,0.4931506849315068,0.47954002389486255,0.0,0.0,0.25,0.75,0.6153846153846132,0.3859649122806985,0.0,0.30858085808580854,1.0,0.1908256880733945,0.0,0.0,0.021424070573409004,1.0,0.0,0.0,0.0,0.5,0.0,0.16666666666666663,0.0,0.5844155844155843,0.5,0.5636363636363636,0.764179104477612,0.0,0.0,0.0,0.0,0.0,0.0,0.5555555555555555,0.0,0.2558891904824414
0.19679633867276888,0.0,0.4931506849315068,0.3582735961768219,0.0,0.0,0.25,0.5,0.4615384615384599,0.7368421052631575,0.0,0.4422442244224422,1.0,0.33944954128440363,0.0,0.0,0.12350346565847514,1.0,0.0,0.0,0.0,0.5,0.0,0.33333333333333337,0.0,0.3636363636363633,0.0,0.19393939393939397,0.0,0.0,0.0,0.0,0.0,0.0,0.0,0.6666666666666666,0.25,0.20973267330925294
0.03813882532418001,0.7142857142857142,0.28767123287671226,0.3370669056152927,0.0,0.0,0.5,0.25,0.8461538461538431,0.7543859649122808,0.0,0.5602310231023102,1.0,0.4706422018348624,0.0,0.0,0.2136105860113422,0.0,0.0,1.0,0.0,0.0,0.0,0.16666666666666663,0.0,0.8181818181818166,0.5,0.5303030303030303,0.0,0.36627906976744184,0.0,0.0,0.0,0.0,0.0,0.1111111111111111,0.5,0.27282736192214374
0.24027459954233407,0.0,0.8082191780821918,0.44832735961768216,0.0,0.0,0.75,0.25,0.9120879120879088,0.8771929824561369,0.28280542986425344,0.7821782178217822,1.0,0.7275229357798165,0.0,0.0,0.39004410838059234,0.0,0.0,1.0,0.0,0.5,0.0,0.33333333333333337,0.0,0.8961038961038952,0.5,0.6015151515151516,0.3582089552238806,0.14534883720930233,0.0,0.0,0.0,0.0,0.0,0.5555555555555555,0.5,0.4299289020253818
0.7528604118993135,0.7142857142857142,0.09589041095890416,0.11514336917562723,0.0,0.0,1.0,0.25,0.9340659340659307,0.8947368421052602,0.0,0.6749174917491749,1.0,0.5981651376146788,0.0,0.0,0.30119722747322,1.0,0.0,1.0,0.0,0.0,0.0,0.33333333333333337,0.0,0.9220779220779214,0.5,0.6090909090909091,0.0,0.0,0.9444444444444445,0.0,0.0,0.0,0.0,0.2222222222222222,1.0,0.5252061163737068
0.4950419527078566,0.0,0.4931506849315068,0.35409199522102747,0.0,0.0,0.0,0.75,0.5934065934065913,0.3508771929824519,0.0,0.28382838283828377,1.0,0.16330275229357794,0.0,0.0,0.002520478890989275,0.0,0.0,0.0,0.0,0.5,0.0,0.16666666666666663,0.0,0.8311688311688314,0.5,0.42878787878787883,0.0,0.0,0.0,0.0,0.0,0.0,0.0,0.5555555555555555,0.75,0.14833180184033234
0.03737604881769641,0.0,0.5616438356164383,0.4544504181600955,0.0,0.0,0.5,0.75,0.4615384615384599,0.14035087719297934,0.3054298642533937,0.46204620462046203,1.0,0.36146788990825685,0.0,0.0,0.1386263390044109,0.0,0.0,0.0,0.0,0.5,0.0,0.16666666666666663,0.0,0.3636363636363633,0.0,0.16363636363636364,0.0,0.0,0.0,0.0,0.8125,0.0,0.0,0.4444444444444444,0.5,0.19702904472947624
0.47902364607170106,0.0,0.6301369863013698,0.4646057347670251,0.0,0.0,0.75,0.25,0.5824175824175803,0.3333333333333357,0.3800904977375566,0.5313531353135312,1.0,0.4385321100917432,0.0,0.0,0.1915563957151859,0.0,0.0,0.0,1.0,0.5,0.0,0.33333333333333337,0.0,0.5064935064935057,0.5,0.5272727272727273,0.0,0.0,0.0,0.0,0.0,0.0,0.0,0.5555555555555555,0.0,0.21396721616917846
0.7032799389778794,0.2142857142857143,0.23287671232876705,0.0996117084826762,0.0,0.0,0.0,0.75,0.3296703296703285,0.0,0.0,0.18729372937293726,1.0,0.08073394495412844,0.4,0.0,0.23314429741650922,1.0,0.0,0.0,1.0,0.5,0.0,0.16666666666666663,0.0,0.20779220779220609,0.0,0.1893939393939394,0.0,0.3313953488372093,0.0,0.0,0.39375000000000004,0.0,0.0,0.6666666666666666,0.0,0.1360516275465482
0.47597254004576667,0.0,0.31506849315068497,0.22715053763440857,0.0,0.0,0.25,0.75,0.3956043956043942,0.03508771929824661,0.0,0.3795379537953795,1.0,0.4238532110091744,0.0,0.0,0.1814744801512288,0.0,1.0,0.0,0.0,0.0,0.0,0.33333333333333337,0.0,0.2857142857142847,0.0,0.19393939393939397,0.0,0.0,0.0,0.0,0.0,0.0,0.0,0.7777777777777778,0.0,0.14409725898040682
0.8627002288329519,0.0,0.6027397260273971,0.5049283154121864,0.0,0.0,0.25,0.5,0.648351648351646,0.43859649122806843,0.0,0.4422442244224422,1.0,0.3559633027522935,0.0,0.0,0.13484562066792694,1.0,0.0,0.0,1.0,0.5,0.0,0.33333333333333337,0.0,0.5844155844155843,0.5,0.4772727272727273,0.0,0.5116279069767442,0.0,0.0,0.0,0.0,0.0,0.5555555555555555,0.0,0.2711335447781734
0.2707856598016781,0.0,0.410958904109589,0.2526881720430107,0.0,0.0,0.75,0.25,1.0,1.0,0.24434389140271495,0.5676567656765676,1.0,0.4788990825688073,0.0,0.0,0.21928166351606804,1.0,0.0,1.0,0.0,0.0,0.0,0.33333333333333337,0.0,1.0,0.5,0.6787878787878788,0.31343283582089554,0.313953488372093,0.0,0.0,0.0,0.0,0.0,0.7777777777777778,0.25,0.44856089060905424
0.35774218154080856,0.0,0.6027397260273971,0.5049283154121864,0.0,0.0,0.75,0.25,0.9010989010988979,0.8596491228070136,0.0,0.9323432343234324,1.0,0.9119266055045872,0.0,0.0,0.5166981726528042,1.0,0.0,1.0,0.0,0.5,0.0,0.4999999999999999,0.5,0.8831168831168839,0.5,0.6106060606060606,0.23283582089552238,0.42441860465116277,0.0,0.0,0.0,0.0,0.0,0.4444444444444444,0.75,0.5241474806587255
0.8878718535469108,0.2857142857142857,0.09589041095890416,0.6731630824372759,0.0,0.0,0.75,0.25,0.9670329670329672,0.9649122807017534,0.0,0.26980198019801976,1.0,0.1477064220183486,0.9657894736842105,0.0,0.6855702583490864,0.0,0.0,1.0,1.0,1.0,0.0,0.6666666666666666,0.5,0.9610389610389589,0.5,0.3848484848484849,0.2985074626865672,0.27906976744186046,0.0,0.0,0.0,0.0,0.0,0.7777777777777778,0.0,0.44686707346508403
0.5385202135774219,0.49999999999999994,0.6027397260273971,0.5340501792114696,0.0,0.0,0.5,0.25,0.670329670329668,0.47368421052631504,0.20361990950226247,0.37541254125412543,1.0,0.291743119266055,0.0,0.0,0.09073724007561434,1.0,0.0,0.0,0.0,0.0,0.0,0.0,0.0,0.6103896103896105,0.5,0.49090909090909096,0.0,0.0,0.0,0.0,0.0,0.0,0.0,0.33333333333333337,0.0,0.19279450186955072
0.35316552250190697,0.2857142857142857,0.31506849315068497,0.41412783751493426,0.0,0.0,0.75,0.25,0.9010989010988979,0.8596491228070136,0.0,0.297029702970297,1.0,0.17798165137614674,0.7403508771929824,0.0,0.5444234404536863,0.0,0.0,1.0,1.0,0.5,0.0,0.6666666666666666,0.0,0.8831168831168839,0.5,0.5257575757575758,0.3582089552238806,0.9011627906976744,0.0,0.0,0.0,0.0,0.0,0.5555555555555555,0.5,0.4172252734456052
0.04729214340198321,0.0,0.6301369863013698,0.5243428912783752,0.0,0.0,0.75,0.5,0.5934065934065913,0.3508771929824519,0.6515837104072398,0.6468646864686467,1.0,0.9137614678899082,0.0,0.0,0.5179584120982987,0.0,0.0,1.0,0.0,0.5,0.0,0.4999999999999999,0.5,0.5194805194805205,0.5,0.5303030303030303,0.29253731343283584,0.0,0.0,0.0,0.0,0.0,0.0,0.33333333333333337,0.5,0.3579416734066474
0.4530892448512586,0.0,0.4246575342465754,0.35446535244922345,0.0,0.0,0.5,0.25,0.8571428571428541,0.8421052631578974,0.583710407239819,0.7326732673267327,1.0,0.9110091743119266,0.0,0.0,0.5160680529300568,1.0,0.0,1.0,0.0,0.5,0.0,0.4999999999999999,0.5,0.8311688311688314,0.5,0.5984848484848485,0.6686567164179105,0.2441860465116279,0.0,0.0,0.0,0.0,0.0,0.888888888888889,0.5,0.44051525917519574
0.8756674294431731,0.0,0.28767123287671226,0.36379928315412186,0.0,0.0,0.25,0.25,0.5714285714285694,0.3157894736842124,0.0,0.35643564356435636,1.0,0.4816513761467889,0.0,0.0,0.22117202268431002,0.0,0.0,0.0,0.0,0.5,0.0,0.16666666666666663,0.5,0.49350649350649434,0.0,0.21515151515151515,0.0,0.36627906976744184,0.0,0.0,0.0,0.0,0.0,0.6666666666666666,0.5,0.18855995900962508
0.5369946605644546,0.0,0.9041095890410958,0.7446236559139785,0.0,0.0,0.25,0.25,0.6373626373626351,0.4210526315789451,0.0,0.28382838283828377,1.0,0.1908256880733945,0.0,0.0,0.021424070573409004,1.0,0.0,0.0,0.0,0.5,0.0,0.16666666666666663,0.5,0.5714285714285694,0.5,0.3939393939393939,0.7194029850746269,0.0,0.0,0.0,0.0,0.0,0.0,0.4444444444444444,0.0,0.2245535733189924
0.24485125858123571,0.2142857142857143,0.3561643835616438,0.5044802867383513,0.0,0.0,0.25,0.5,0.2637362637362628,0.0,0.0,0.17739273927392735,1.0,0.04495412844036695,0.26228070175438595,0.0,0.10964083175803407,0.0,0.0,0.0,0.0,0.0,0.0,0.16666666666666663,0.0,0.12987012987012747,0.0,0.09090909090909094,0.0,0.22674418604651161,0.0,0.0,0.0,0.0,0.0,0.5555555555555555,0.25,0.08269638751148617
0.9649122807017545,0.2857142857142857,0.8356164383561643,0.7520908004778972,0.0,0.0,0.75,0.25,0.9450549450549417,0.9122807017543835,0.0,0.32673267326732675,1.0,0.21467889908256876,0.8254385964912281,0.0,0.6307498424700693,1.0,0.0,1.0,1.0,0.5,0.0,0.6666666666666666,0.0,0.9350649350649327,0.5,0.4727272727272728,0.43582089552238806,0.5290697674418604,0.0,0.0,0.0,0.0,0.0,0.4444444444444444,0.0,0.4680397877647119
0.8665141113653699,0.0,0.6986301369863014,0.5080645161290323,0.0,0.0,1.0,0.25,0.989010989010989,0.9824561403508767,0.9502262443438915,0.9405940594059405,1.0,0.8935779816513763,0.0,0.0,0.5040957781978577,1.0,0.0,1.0,0.0,0.5,0.0,0.6666666666666666,0.5,0.9870129870129851,0.5,0.48484848484848486,0.9611940298507463,0.29069767441860467,0.0,0.0,0.0,0.0,0.0,0.33333333333333337,0.0,0.8491486451580119
0.881769641495042,0.42857142857142855,0.4931506849315068,0.33841099163679805,0.0,0.0,0.25,0.25,0.4835164835164818,0.17543859649122595,0.0,0.45792079207920794,1.0,0.7532110091743118,0.0,0.0,0.40768746061751737,0.0,0.0,1.0,0.0,1.0,0.0,0.4999999999999999,0.0,0.3896103896103895,0.0,0.33939393939393936,0.0,0.0,0.0,0.0,0.0,0.0,0.0,0.6666666666666666,0.5,0.15891815899014616
0.4660564454614798,0.2857142857142857,0.3287671232876712,0.9999999999999998,0.0,0.0,0.75,0.25,0.9010989010988979,0.8421052631578974,0.06787330316742082,0.556930693069307,1.0,0.46697247706422007,0.5649122807017544,0.0,0.6168872085696282,0.0,0.0,1.0,1.0,1.0,0.0,0.4999999999999999,0.0,0.8831168831168839,0.5,0.4636363636363636,0.0,0.47093023255813954,0.0,0.0,0.0,0.0,0.0,0.4444444444444444,1.0,0.5569651878231485
0.26086956521739135,0.0,0.5342465753424658,0.4122610513739546,0.0,0.0,0.75,0.25,1.0,1.0,0.0,0.6765676567656764,1.0,0.6000000000000001,0.0,0.0,0.30245746691871456,0.0,0.0,1.0,0.0,0.5,0.0,0.33333333333333337,0.0,1.0,0.5,0.32727272727272727,0.2985074626865672,0.1744186046511628,0.0,0.0,0.0,0.0,0.0,0.6666666666666666,0.25,0.3881509021693563
0.14645308924485126,0.0,0.6027397260273971,0.650537634408602,0.0,0.0,0.5,0.5,0.7142857142857117,0.5438596491228083,0.47511312217194573,0.7442244224422441,1.0,0.6752293577981652,0.0,0.0,0.354127284183995,0.0,0.0,1.0,0.0,0.5,0.0,0.4999999999999999,0.5,0.6623376623376629,0.5,0.6,0.8238805970149253,0.0,0.0,0.0,0.0,0.0,0.0,0.4444444444444444,0.5,0.3642934876965357
0.30053394355453855,0.35714285714285715,0.6164383561643835,0.45564516129032256,0.0,0.0,0.25,0.75,0.2857142857142847,0.7894736842105274,0.5067873303167422,0.17161716171617164,1.0,0.18532110091743115,0.6631578947368422,0.0,0.49401386263390057,0.0,0.0,0.0,1.0,0.5,0.0,0.4999999999999999,1.0,0.15584415584415368,0.0,0.2,0.5014925373134328,0.0,0.0,0.0,0.0,0.0,0.0,0.4444444444444444,0.25,0.24149174475869462
0.7086193745232647,0.0,0.5616438356164383,0.6406063321385902,0.0,0.0,1.0,0.25,0.989010989010989,0.9824561403508767,0.11990950226244344,0.8696369636963697,1.0,0.8146788990825689,0.0,0.0,0.449905482041588,0.0,0.0,1.0,0.0,0.5,0.0,0.4999999999999999,0.5,0.9870129870129851,1.0,0.9757575757575758,0.4298507462686567,0.6046511627906976,0.0,0.0,0.0,0.0,0.0,0.5555555555555555,0.5,0.6035451592823297
0.9717772692601068,0.0,0.8082191780821918,0.8906810035842292,0.0,0.0,1.0,0.25,0.989010989010989,1.0,0.22624434389140274,1.0,1.0,1.0,0.0,0.0,0.577189666036547,1.0,0.0,1.0,0.0,0.5,0.0,0.4999999999999999,0.5,0.9870129870129851,1.0,0.8060606060606061,0.0,0.0,0.0,0.0,0.0,0.0,0.0,0.33333333333333337,0.25,0.8214674384826786
0.31502669717772697,0.0,0.6164383561643835,0.5160543608124253,0.0,0.0,0.25,0.75,0.5384615384615365,0.2631578947368425,0.3800904977375566,0.4562706270627062,1.0,0.35504587155963296,0.0,0.0,0.13421550094517964,1.0,0.0,0.0,1.0,0.5,0.0,0.33333333333333337,0.0,0.45454545454545325,0.5,0.5075757575757576,0.0,0.0,0.0,0.0,0.0,0.0,0.0,0.4444444444444444,0.25,0.28171990192798735
0.7467581998474447,0.2857142857142857,0.9041095890410958,0.45713859020310627,0.0,0.0,0.5,0.5,0.5274725274725256,0.49122807017543835,0.6153846153846154,0.24422442244224424,1.0,0.40458715596330275,0.7456140350877193,0.0,0.7038437303087588,0.0,1.0,0.0,1.0,1.0,0.0,0.8333333333333334,0.5,0.4415584415584419,0.5,0.5454545454545455,0.0,0.3023255813953488,0.0,0.0,0.0,0.0,0.0,0.4444444444444444,0.25,0.3198307876673173
0.509534706331045,0.0,0.4246575342465754,0.2531362007168459,0.0,0.0,0.5,1.0,0.49450549450549275,0.8070175438596507,0.0,0.3234323432343234,1.0,0.20733944954128436,0.0,0.0,0.0327662255828608,1.0,1.0,0.0,0.0,0.5,0.0,0.16666666666666663,0.0,0.4155844155844157,0.0,0.16363636363636364,0.5014925373134328,0.0,0.0,0.0,0.0,0.0,0.0,0.33333333333333337,0.5,0.22243630188902952
0.912280701754386,0.2142857142857143,0.6027397260273971,0.5948327359617682,0.0,0.0,0.25,0.25,0.4615384615384599,0.14035087719297934,0.40723981900452494,0.29207920792079206,1.0,0.17247706422018338,0.5701754385964912,0.0,0.4183994959042219,0.0,0.0,0.0,1.0,0.5,0.0,0.4999999999999999,0.0,0.3636363636363633,0.0,0.20454545454545459,0.0,0.0,0.0,0.0,0.0,0.0,0.0,0.5555555555555555,0.25,0.23090538760888069
1.0,0.2142857142857143,0.3561643835616438,0.42428315412186374,0.0,0.0,0.5,0.25,0.25274725274725185,0.0,0.0,0.03300330033003296,1.0,0.011009174311926495,0.4912280701754386,0.0,0.25078764965343414,0.0,0.0,0.0,0.0,0.0,0.0,0.33333333333333337,0.0,0.11688311688311614,0.0,0.15151515151515155,0.0,0.0,0.0,0.0,0.0,0.0,0.0,0.888888888888889,0.75,0.06575821607178395
0.4515636918382914,0.2857142857142857,0.9863013698630138,0.5836320191158901,0.0,0.0,1.0,0.25,0.9230769230769198,0.8771929824561369,0.0904977375565611,0.7310231023102309,1.0,0.7045871559633028,0.42280701754385963,0.0,0.6780088216761184,0.0,0.0,1.0,1.0,0.5,0.0,0.4999999999999999,0.5,0.9090909090909101,0.5,0.49090909090909096,0.5611940298507463,0.7209302325581395,0.0,0.0,0.0,0.0,0.0,0.9999999999999999,0.0,0.5971933449924414
0.6742944317315027,0.0,0.4931506849315068,0.30182198327359616,0.0,0.0,0.25,0.25,0.5054945054945037,0.21052631578947256,0.0,0.4430693069306931,1.0,0.34036697247706416,0.0,0.0,0.12413358538122243,0.0,0.0,0.0,0.0,0.5,0.0,0.33333333333333337,0.0,0.6103896103896105,0.5,0.6,0.0,0.0,0.0,0.0,0.0,0.0,0.0,0.2222222222222222,0.25,0.18009087328977402
0.7818459191456903,0.2142857142857143,0.2191780821917808,0.1957885304659498,0.0,0.0,0.0,0.5,0.219780219780219,0.0,0.0,0.12541254125412543,1.0,0.065137614678899,0.49736842105263157,0.0,0.29237555135475746,0.0,0.0,0.0,0.0,0.5,0.0,0.33333333333333337,0.0,0.07792207792207861,0.0,0.09090909090909094,0.0,0.0,0.0,0.0,0.0,0.0,0.0,0.5555555555555555,0.75,0.1631527018500718
0.7635392829900839,0.0,0.5479452054794521,0.38664874551971323,0.0,0.0,0.75,0.25,0.989010989010989,0.9824561403508767,0.0,0.5940594059405939,1.0,0.5082568807339449,0.0,0.0,0.23944549464398235,0.0,0.0,1.0,0.0,0.0,0.0,0.16666666666666663,0.0,0.9870129870129851,1.0,0.9787878787878788,0.417910447761194,0.5406976744186046,0.0,0.0,0.0,0.0,0.0,0.33333333333333337,0.25,0.4426325306051585
0.2463768115942029,0.0,0.3561643835616438,0.2853942652329749,0.0,0.0,0.25,0.25,0.6153846153846132,0.3859649122806985,0.0,0.30858085808580854,1.0,0.1908256880733945,0.0,0.0,0.021424070573409004,0.0,0.0,0.0,0.0,0.0,0.0,0.33333333333333337,0.0,0.7142857142857153,0.5,0.6363636363636364,0.6417910447761194,0.0,0.0,0.0,0.0,0.0,0.0,0.7777777777777778,0.75,0.14197998755044394
0.570556826849733,0.0,0.3561643835616438,0.1957885304659498,0.0,0.0,0.0,0.0,0.40659340659340515,0.05263157894736992,0.0,0.3432343234323432,0.0,0.22935779816513757,0.0,0.0,0.04788909892879645,0.0,0.0,0.0,0.0,0.0,0.0,0.0,0.0,0.5714285714285694,0.5,0.6,0.0,0.18604651162790697,0.6222222222222222,0.0,0.0,0.0,0.0,0.0,0.75,0.014943701752677285
0.8344774980930587,0.2857142857142857,0.3287671232876712,0.5580943847072879,0.0,0.0,0.5,0.25,0.9230769230769198,0.8771929824561369,0.0,0.3622112211221122,1.0,0.25045871559633026,0.624561403508772,0.0,0.5110270951480782,1.0,0.0,1.0,1.0,0.5,0.0,0.4999999999999999,0.5,0.9090909090909101,0.5,0.4424242424242425,0.0,0.22093023255813954,0.0,0.0,0.0,0.0,0.0,0.0,0.0,0.35370713054672187
0.9412662090007627,0.0,0.3561643835616438,0.35050776583034643,0.0,0.0,0.25,0.25,0.8571428571428541,0.7894736842105274,0.0,0.3877887788778878,1.0,0.27889908256880735,0.0,0.0,0.08191556395715194,1.0,0.0,0.0,0.0,0.5,0.0,0.16666666666666663,0.0,0.9090909090909101,0.5,0.4545454545454546,0.0,0.37209302325581395,0.0,0.0,0.0,0.0,0.0,0.33333333333333337,0.75,0.2054981304493273
0.6910755148741419,0.0,0.6301369863013698,0.406063321385902,0.0,0.0,0.25,0.5,0.5164835164835146,0.22807017543859587,0.0,0.49587458745874585,1.0,0.3990825688073394,0.0,0.0,0.16446124763705106,1.0,0.0,0.0,0.0,0.5,0.0,0.16666666666666663,0.0,0.42857142857142705,0.5,0.4545454545454546,0.0,0.46511627906976744,0.0,0.0,0.0,0.0,0.0,0.4444444444444444,0.75,0.20973267330925294
0.4347826086956522,0.2857142857142857,0.6301369863013698,0.5536887694145758,0.0,0.0,0.25,0.25,0.5824175824175803,0.3333333333333357,0.5950226244343892,0.2145214521452145,1.0,0.08623853211009169,0.7368421052631579,0.0,0.4788909892879647,0.0,0.0,1.0,1.0,1.0,0.0,0.4999999999999999,0.0,0.5064935064935057,0.5,0.42727272727272725,0.6208955223880597,0.0,0.0,0.0,0.0,0.0,0.0,0.2222222222222222,0.25,0.2647817304882851
0.6987032799389779,0.2857142857142857,0.4246575342465754,0.35446535244922345,0.0,0.0,0.75,0.25,0.989010989010989,0.9824561403508767,0.0,0.2062706270627062,1.0,0.08440366972477054,0.7000000000000001,0.0,0.45116572148708256,0.0,0.0,1.0,1.0,0.5,0.0,0.33333333333333337,0.0,0.9870129870129851,0.5,0.6575757575757576,0.0,0.29069767441860467,0.0,0.0,0.0,0.0,0.0,0.6666666666666666,0.0,0.4553361591849352
0.456140350877193,0.35714285714285715,0.273972602739726,0.24275686977299882,0.0,0.0,0.5,0.5,0.09890109890109855,0.0,0.0,0.12541254125412543,0.0,0.010091743119265972,0.5894736842105264,0.0,0.3207309388783869,1.0,0.0,1.0,0.0,0.5,0.0,0.33333333333333337,0.0,0.0,0.0,0.18181818181818182,0.4388059701492537,0.0,0.0,0.0,0.0,0.0,0.0,0.5555555555555555,0.75,0.05982985606788821
0.3852021357742182,1.0,0.0,0.016875746714456408,0.0,0.0,0.75,0.25,1.0,1.0,0.0,0.13943894389438943,1.0,0.015596330275229331,0.6043859649122807,0.0,0.33522369250157535,0.0,0.0,1.0,0.0,0.0,0.0,0.16666666666666663,0.0,1.0,0.5,0.5454545454545455,0.0,0.5930232558139534,0.0,0.0,0.0,0.0,0.0,0.0,0.5,0.23937447332873174
0.7269260106788711,0.0,0.5342465753424658,0.4422043010752688,0.0,0.0,0.25,0.25,0.4835164835164818,0.17543859649122595,0.7330316742081449,0.6171617161716172,1.0,0.5302752293577981,0.0,0.0,0.2545683679899181,1.0,0.0,0.0,0.0,0.5,0.0,0.33333333333333337,1.0,0.3896103896103895,0.5,0.4257575757575758,0.0,0.0,0.0,0.0,0.89375,0.0,0.0,0.2222222222222222,1.0,0.33041714481713125
0.8138825324180016,0.0,0.3561643835616438,0.296594982078853,0.0,0.0,0.25,0.75,0.38461538461538325,0.017543859649123306,0.0,0.35643564356435636,1.0,0.24403669724770638,0.0,0.0,0.05797101449275366,1.0,0.0,0.0,0.0,0.0,0.0,0.0,0.0,0.7532467532467528,0.5,1.0,0.0,0.0,0.0,0.0,0.0,0.0,0.0,0.4444444444444444,0.5,0.20973267330925294
0.2151029748283753,0.0,0.9726027397260274,0.5877389486260454,0.0,0.0,0.5,0.25,0.868131868131865,0.7894736842105274,0.0,0.561056105610561,1.0,0.4715596330275229,0.0,0.0,0.2142407057340895,1.0,0.0,1.0,0.0,0.5,0.0,0.33333333333333337,0.0,0.8441558441558428,0.5,0.5166666666666667,0.0,0.1511627906976744,0.0,0.0,0.0,0.0,0.0,0.6666666666666666,0.25,0.37276257341638686
0.18154080854309687,0.0,0.2191780821917808,0.34513142174432493,0.0,0.0,0.5,0.5,0.3516483516483504,0.9122807017543835,0.0,0.37293729372937295,1.0,0.2623853211009174,0.0,0.0,0.07057340894770003,1.0,0.0,0.0,0.0,0.0,0.0,0.16666666666666663,0.5,0.2337662337662323,0.0,0.09090909090909094,0.0,0.0,0.0,0.0,0.0,0.0,0.0,0.33333333333333337,0.75,0.18009087328977402
0.44469870327993904,0.0,0.5205479452054794,0.4949970131421744,0.0,0.0,0.25,0.75,0.47252747252747085,0.9824561403508767,0.12217194570135748,0.43976897689768973,1.0,0.33669724770642195,0.0,0.0,0.12161310649023316,1.0,0.0,0.0,1.0,0.5,0.0,0.16666666666666663,0.0,0.37662337662337464,0.0,0.2,0.0,0.0,0.0,0.0,0.0,0.0,0.0,0.6666666666666666,0.5,0.23725720189876898
0.9748283752860412,0.2857142857142857,0.4931506849315068,0.4382467144563919,0.0,0.0,0.5,0.5,0.5054945054945037,0.21052631578947256,0.7194570135746607,0.2788778877887788,1.0,0.15779816513761458,0.7526315789473684,0.0,0.5393824826717077,0.0,0.0,0.0,1.0,1.0,0.0,0.6666666666666666,0.5,0.4155844155844157,0.5,0.4696969696969697,0.0,0.4883720930232558,0.0,0.0,0.75,0.0,0.0,0.1111111111111111,0.5,0.3452380448268707
0.6903127383676583,0.0,0.4657534246575342,0.4534050179211469,0.0,0.0,0.0,0.25,0.4175824175824161,0.07017543859649322,0.0,0.30858085808580854,1.0,0.1908256880733945,0.0,0.0,0.021424070573409004,0.0,0.0,0.0,0.0,0.5,0.0,0.16666666666666663,0.0,0.8961038961038952,0.5,0.33333333333333337,0.0,0.0,0.0,0.0,0.0,0.0,0.0,0.33333333333333337,0.25,0.08693093037141175
0.5903890160183066,0.0,0.0273972602739726,0.9068847072879329,0.0,0.0,0.25,0.5,0.6153846153846132,0.3859649122806985,0.0,0.28382838283828377,1.0,0.16330275229357794,0.0,0.0,0.002520478890989275,1.0,0.0,0.0,0.0,0.5,0.0,0.16666666666666663,0.5,0.5454545454545432,0.0,0.23939393939393938,0.0,0.0,0.0,0.0,0.0,0.0,0.0,0.6666666666666666,0.75,0.18644268757966231
0.7597254004576659,0.17857142857142855,0.3561643835616438,0.4646057347670251,0.0,0.0,0.25,0.75,0.36263736263736135,0.9298245614035068,0.0,0.26815181518151815,1.0,0.18990825688073387,0.0,0.0,0.020793950850661602,0.0,1.0,0.0,0.0,0.0,0.0,0.0,0.0,0.7142857142857153,0.5,0.6,0.0,0.0,0.0,0.0,0.0,0.0,0.0,0.33333333333333337,0.25,0.19279450186955072
0.11823035850495806,0.0,0.4931506849315068,0.3840352449223417,0.0,0.0,0.25,0.25,0.5604395604395584,0.2982456140350891,0.0,0.3234323432343234,1.0,0.20733944954128436,0.0,0.0,0.0327662255828608,0.0,0.0,0.0,0.0,0.5,0.0,0.16666666666666663,0.5,0.5714285714285694,0.0,0.23636363636363633,0.0,0.0,0.0,0.0,0.0,0.0,0.0,0.33333333333333337,1.0,0.1504490732702951
0.6071700991609459,0.2857142857142857,0.6301369863013698,0.48984468339307047,0.0,0.0,0.75,0.25,0.8461538461538431,0.7719298245614041,0.5565610859728507,0.43729372937293726,1.0,0.344954128440367,0.7780701754385965,0.0,0.6862003780718338,1.0,0.0,1.0,1.0,0.5,0.0,0.6666666666666666,0.5,0.8181818181818166,0.5,0.596969696969697,0.46567164179104475,0.5232558139534884,0.0,0.0,0.0,0.0,0.0,0.4444444444444444,1.0,0.6204833307220319
0.32036613272311215,0.0,0.4931506849315068,0.33997909199522097,0.0,0.0,0.25,0.5,0.4835164835164818,0.17543859649122595,0.0,0.6179867986798679,1.0,0.534862385321101,0.0,0.0,0.2577189666036547,0.0,0.0,0.0,1.0,0.5,0.0,0.33333333333333337,0.5,0.4415584415584419,0.0,0.19393939393939397,0.0,0.0,0.0,0.0,0.0,0.0,0.0,0.4444444444444444,0.5,0.2774853590680618
0.7330282227307399,0.07142857142857142,0.2191780821917808,0.218563321385902,0.0,0.0,0.25,0.75,0.2417582417582409,0.0,0.0,0.33003300330033,1.0,0.24587155963302743,0.0,0.0,0.05923125393824824,0.0,0.0,0.0,0.0,0.0,0.0,0.16666666666666663,0.5,0.10389610389610482,0.0,0.09090909090909094,0.0,0.0,0.0,0.0,0.0,0.0,0.0,0.4444444444444444,0.25,0.12821772325568592
0.9046529366895499,0.0,0.4246575342465754,0.4758064516129032,0.0,0.0,0.5,1.0,0.5824175824175803,0.3333333333333357,0.0,0.4405940594059406,1.0,0.3376146788990826,0.0,0.0,0.12224322621298045,1.0,0.0,0.0,1.0,0.5,0.0,0.33333333333333337,0.0,0.5064935064935057,0.5,0.4242424242424243,0.5373134328358209,0.0,0.0,0.0,0.5,0.0,0.0,0.5555555555555555,0.5,0.2605471876283596
0.10907704042715483,0.0,0.4246575342465754,0.3787335722819593,0.0,0.0,0.75,0.25,0.9670329670329672,0.9473684210526301,0.6018099547511313,0.7557755775577557,1.0,0.6880733944954129,0.0,0.0,0.3629489603024575,1.0,0.0,1.0,0.0,0.5,0.0,0.6666666666666666,0.0,0.9610389610389589,0.5,0.4606060606060606,0.41492537313432837,0.5697674418604651,0.0,0.0,0.0,0.0,0.0,0.2222222222222222,0.5,0.5103852163639674
0.7551487414187643,0.07142857142857142,0.2191780821917808,0.1957885304659498,0.0,0.0,0.5,0.5,0.09890109890109855,0.526315789473685,0.0,0.481023102310231,1.0,0.38256880733944953,0.0,0.0,0.15311909262759926,0.0,0.0,0.0,0.0,0.0,0.0,0.16666666666666663,0.5,0.5974025974025956,0.5,0.3939393939393939,0.4955223880597015,0.6976744186046512,0.0,0.0,0.0,0.0,0.0,0.5555555555555555,0.0,0.08904820180137452
0.12662090007627766,0.2142857142857143,0.2465753424657534,0.40046296296296297,0.0,0.0,0.5,0.0,0.31868131868131755,0.0,0.0,0.17739273927392735,1.0,0.10275229357798166,0.6043859649122807,0.0,0.3950850661625709,0.0,0.0,0.0,1.0,0.5,0.0,0.4999999999999999,0.5,0.24675324675324717,0.0,0.06060606060606061,0.0,0.813953488372093,0.0,0.0,0.0,0.0,0.0,0.2222222222222222,1.0,0.09963455895118845
0.8283752860411899,0.2857142857142857,0.5753424657534246,0.42876344086021506,0.0,0.0,0.5,0.5,0.6373626373626351,0.4210526315789451,0.6108597285067874,0.31435643564356436,1.0,0.23577981651376145,0.8184210526315789,0.0,0.6402016383112792,0.0,0.0,1.0,1.0,1.0,0.0,0.6666666666666666,0.5,0.5714285714285694,0.5,0.5454545454545455,0.0,0.4011627906976744,0.0,0.0,0.0,0.0,0.0,0.5555555555555555,0.5,0.40452164486582853
0.5110602593440122,0.42857142857142855,0.4931506849315068,0.7099761051373954,0.0,0.0,0.25,0.5,0.5164835164835146,0.8596491228070136,0.0,0.0,1.0,0.7137614678899082,0.0,0.0,0.3805923125393825,0.0,1.0,1.0,0.0,0.5,0.0,0.33333333333333337,0.5,0.870129870129869,0.5,0.4545454545454546,0.9014925373134328,0.0,0.0,0.0,0.625,0.0,0.0,0.888888888888889,0.75,0.3621762162665729
0.09763539282990083,0.0,0.5616438356164383,0.5038082437275986,0.0,0.0,0.5,0.5,0.670329670329668,0.47368421052631504,0.0,0.5577557755775577,1.0,0.5440366972477064,0.0,0.0,0.2640201638311279,0.0,1.0,1.0,0.0,0.5,0.0,0.33333333333333337,1.0,0.649350649350648,0.5,0.44393939393939397,0.7104477611940299,0.4825581395348837,0.0,0.0,0.0,0.0,0.0,0.0,0.5,0.34735531625683347
0.4988558352402746,0.0,0.410958904109589,0.29390681003584224,0.0,0.0,0.75,0.25,1.0,1.0,0.18552036199095023,0.5874587458745875,1.0,0.5009174311926605,0.0,0.0,0.2344045368620038,1.0,0.0,1.0,0.0,0.0,0.0,0.33333333333333337,0.0,1.0,0.5,0.6848484848484848,0.3940298507462687,0.0,0.0,0.0,0.0,0.0,0.0,0.0,0.75,0.44474980203512127
0.631578947368421,0.0,0.410958904109589,0.3982974910394265,0.0,0.0,0.25,0.75,0.45054945054944895,0.8771929824561369,0.0,0.38943894389438943,1.0,0.5688073394495412,0.0,0.0,0.28103339634530566,1.0,0.0,0.0,0.0,0.0,0.0,0.16666666666666663,0.0,0.49350649350649434,0.0,0.8727272727272728,0.0,0.0,0.0,0.0,0.0,0.0,0.0,0.33333333333333337,0.75,0.26901627334821065
0.04500381388253242,0.0,0.5616438356164383,0.2994324970131422,0.0,0.0,0.25,0.5,0.47252747252747085,0.9122807017543835,0.0,0.44801980198019803,1.0,0.5880733944954128,0.0,0.0,0.29426591052299944,1.0,0.0,0.0,0.0,0.5,0.0,0.4999999999999999,0.0,0.5714285714285694,0.5,0.6727272727272727,0.0,0.0,0.0,0.0,0.0,0.0,0.0,0.5555555555555555,0.25,0.25948855191337816
0.8558352402745996,0.2857142857142857,0.23287671232876705,0.3472968936678614,0.0,0.0,0.5,0.25,0.9780219780219781,0.9649122807017534,0.0,0.17161716171617164,1.0,0.038532110091743066,0.6385964912280702,0.0,0.375551354757404,0.0,0.0,1.0,1.0,0.5,0.0,0.6666666666666666,0.0,0.9740259740259738,0.5,0.33333333333333337,0.2985074626865672,0.13953488372093023,0.0,0.0,0.0,0.0,0.0,0.5555555555555555,0.5,0.36641075912649845
0.6155606407322655,0.0,0.3561643835616438,0.2722520908004779,0.0,0.0,0.25,0.25,0.9780219780219781,0.9824561403508767,0.0,0.4702970297029703,1.0,0.3706422018348623,0.0,0.0,0.14492753623188404,1.0,0.0,0.0,1.0,0.0,0.0,0.16666666666666663,0.0,0.9740259740259738,0.5,0.40909090909090906,0.0,0.28488372093023256,0.0,0.0,0.0,0.0,0.0,0.4444444444444444,0.25,0.2859544447879129
0.440884820747521,0.35714285714285715,0.3561643835616438,0.4260752688172043,0.0,0.0,0.0,0.25,0.2637362637362628,0.0,0.0,0.19389438943894383,1.0,0.06330275229357796,0.662280701754386,0.0,0.40957781978575936,1.0,0.0,0.0,0.0,1.0,0.0,0.4999999999999999,0.5,0.12987012987012747,0.0,0.17575757575757578,0.3582089552238806,0.0,0.0,0.0,0.0,0.0,0.0,0.888888888888889,0.75,0.07846184465156064
0.44546147978642264,0.35714285714285715,0.3561643835616438,0.2853942652329749,0.0,0.0,0.75,0.5,0.16483516483516425,0.8771929824561369,0.0,0.21122112211221117,1.0,0.1513761467889908,0.5710526315789474,0.0,0.4045368620037808,0.0,0.0,0.0,1.0,0.5,0.0,0.33333333333333337,0.5,0.012987012987011326,0.0,0.1363636363636364,0.0,0.0,0.6222222222222222,0.0,0.0,0.0,0.0,0.0,0.5,0.25207810190850843
0.4050343249427918,0.0,0.7397260273972602,0.7037783751493429,0.0,0.0,0.75,0.25,0.9450549450549417,0.9122807017543835,0.2239819004524887,0.8036303630363035,1.0,0.7412844036697248,0.0,0.0,0.39949590422180214,1.0,0.0,1.0,0.0,0.5,0.0,0.33333333333333337,0.5,0.9350649350649327,0.5,0.5303030303030303,0.573134328358209,0.20930232558139533,0.0,0.0,0.0,0.0,0.0,0.7777777777777778,0.5,0.5569651878231485
0.2700228832951945,0.0,0.589041095890411,0.3894115890083632,0.0,0.0,0.0,0.5,0.45054945054944895,0.12280701754385603,0.0,0.3193069306930693,1.0,0.20275229357798163,0.0,0.0,0.02961562696912412,0.0,0.0,0.0,0.0,0.5,0.0,0.16666666666666663,0.0,0.4415584415584419,0.0,0.2606060606060606,0.0,0.0,0.0,0.0,0.0,0.0,0.0,0.5555555555555555,0.5,0.0827302638543656
0.935163996948894,0.0,0.5616438356164383,0.3077956989247312,0.0,0.0,0.25,0.75,0.47252747252747085,0.7719298245614041,0.0,0.5990099009900989,1.0,0.5137614678899083,0.0,0.0,0.24322621298046632,1.0,0.0,0.0,1.0,0.5,0.0,0.33333333333333337,0.0,0.37662337662337464,0.0,0.1893939393939394,0.6507462686567165,0.0,0.0,0.0,0.0,0.0,0.0,0.33333333333333337,1.0,0.2732508162081363
0.9077040427154843,0.35714285714285715,0.3561643835616438,0.7569444444444444,0.0,0.0,0.5,0.5,0.03296703296703285,0.0,0.0,0.20132013201320126,1.0,0.34311926605504584,0.6701754385964912,0.0,0.6074354127284185,0.0,0.0,0.0,0.0,0.5,0.0,0.6666666666666666,0.5,0.12987012987012747,0.5,0.5151515151515151,0.0,0.0,0.7000000000000001,0.0,0.0,0.0,0.0,0.5555555555555555,0.25,0.38546620199616355
0.8565980167810832,0.2857142857142857,0.3287671232876712,0.7971923536439665,0.0,0.0,0.75,0.25,0.989010989010989,0.9824561403508767,0.0,0.29620462046204615,1.0,0.17706422018348622,0.8631578947368421,0.0,0.6320100819155641,0.0,0.0,1.0,1.0,1.0,0.0,0.8333333333333334,0.5,0.9870129870129851,1.0,0.7272727272727273,0.2985074626865672,0.09883720930232558,0.0,0.0,0.0,0.0,0.0,0.9999999999999999,0.0,0.5493853561038818
0.016018306636155603,0.2857142857142857,0.4794520547945206,0.4449671445639188,0.0,0.0,0.5,0.25,0.890109890109887,0.824561403508774,0.0,0.2508250825082508,1.0,0.20091743119266048,0.7728070175438596,0.0,0.5834908632640201,1.0,0.0,1.0,1.0,0.5,0.0,0.4999999999999999,0.0,0.870129870129869,0.5,0.7636363636363637,0.0,0.9418604651162791,0.0,0.0,0.0,0.0,0.0,0.33333333333333337,0.25,0.4881538663493582
0.48436308161708624,0.2857142857142857,0.4246575342465754,0.4211469534050179,0.0,0.0,0.75,0.25,1.0,1.0,0.0,0.17161716171617164,1.0,0.038532110091743066,0.6385964912280702,0.0,0.375551354757404,0.0,0.0,1.0,1.0,0.5,0.0,0.6666666666666666,0.5,1.0,0.5,0.33333333333333337,0.2985074626865672,0.13953488372093023,0.0,0.0,0.0,0.0,0.0,0.5555555555555555,0.25,0.381401040850635
0.7452326468344775,0.0,0.5342465753424658,0.4192801672640382,0.0,0.0,0.75,0.25,1.0,1.0,0.0,0.6452145214521452,1.0,0.5651376146788991,0.0,0.0,0.2785129174543164,0.0,0.0,1.0,0.0,0.5,0.0,0.33333333333333337,0.0,1.0,0.5,0.38787878787878793,0.0,0.12790697674418605,0.0,0.0,0.0,0.0,0.0,0.6666666666666666,0.25,0.3684645124135624
0.036613272311212815,0.2142857142857143,0.2191780821917808,0.20026881720430106,0.0,0.0,0.0,0.25,0.25274725274725185,0.0,0.0,0.17491749174917487,1.0,0.07889908256880729,0.3078947368421053,0.0,0.16572148708254575,0.0,0.0,0.0,0.0,0.5,0.0,0.0,0.0,0.6363636363636367,0.0,0.12727272727272732,0.0,0.0,0.7777777777777778,0.0,0.0,0.0,0.0,0.4444444444444444,0.25,0.0445855017721562
0.09229595728451565,0.0,0.3561643835616438,0.2839008363201912,0.0,0.0,0.25,0.75,0.6153846153846132,0.3859649122806985,0.0,0.28382838283828377,1.0,0.16330275229357794,0.0,0.0,0.002520478890989275,0.0,0.0,0.0,0.0,0.5,0.0,0.16666666666666663,0.0,0.7662337662337642,0.0,0.2606060606060606,0.0,0.0,0.0,0.0,0.0,0.0,0.0,0.33333333333333337,0.5,0.15891815899014616
0.28222730739893215,0.7142857142857142,0.26027397260273977,0.04062126642771802,0.0,0.0,0.75,0.25,0.989010989010989,1.0,0.16289592760180996,0.6089108910891088,1.0,0.5247706422018348,0.0,0.0,0.25078764965343414,0.0,0.0,1.0,0.0,0.0,0.0,0.33333333333333337,0.5,1.0,1.0,0.7090909090909091,0.4298507462686567,0.09302325581395349,0.0,0.0,0.0,0.0,0.0,0.4444444444444444,0.25,0.351589859116759
0.9061784897025171,0.0,0.6301369863013698,0.4646057347670251,0.0,0.0,0.25,0.5,0.439560439560438,0.10526315789473273,0.0,0.43729372937293726,1.0,0.3339449541284403,0.0,0.0,0.11972274732199117,0.0,0.0,0.0,0.0,0.0,0.0,0.16666666666666663,0.0,0.3376623376623371,0.0,0.23939393939393938,0.0,0.0,0.0,0.0,0.0,0.0,0.0,0.4444444444444444,0.75,0.16696379042400478
0.7795575896262396,0.0,0.6027397260273971,0.44347371565113497,0.0,0.0,0.5,0.25,0.989010989010989,0.9824561403508767,0.0,0.6551155115511551,1.0,0.5761467889908256,0.0,0.0,0.2860743541272842,0.0,0.0,1.0,0.0,0.5,0.0,0.33333333333333337,0.5,0.9870129870129851,0.5,0.3939393939393939,0.0,0.12790697674418605,0.0,0.0,0.0,0.0,0.0,0.1111111111111111,0.25,0.3682400816419863
0.9267734553775744,0.7142857142857142,0.0821917808219178,0.1706989247311828,0.0,0.0,1.0,0.25,0.9230769230769198,0.8771929824561369,0.0,0.8094059405940592,1.0,0.8926605504587155,0.0,0.0,0.5034656584751103,1.0,0.0,1.0,0.0,0.0,0.0,0.16666666666666663,0.5,0.9090909090909101,0.5,0.4833333333333334,0.6328358208955224,0.3430232558139535,0.0,0.0,0.0,0.0,0.0,0.888888888888889,0.75,0.7983341308389054
0.6186117467581999,0.0,0.4246575342465754,0.28166069295101553,0.0,0.0,0.25,0.25,0.5604395604395584,0.2982456140350891,0.13574660633484165,0.3069306930693069,1.0,0.18899082568807335,0.0,0.0,0.02016383112791431,0.0,0.0,0.0,0.0,0.5,0.0,0.16666666666666663,0.0,0.48051948051947946,0.0,0.16363636363636364,0.0,0.0,0.0,0.0,0.0,0.0,0.0,0.5555555555555555,0.75,0.0445855017721562
0.05034324942791762,0.2857142857142857,0.4246575342465754,0.8996415770609318,0.0,0.0,0.5,0.25,0.890109890109887,0.824561403508774,0.0,0.33663366336633666,1.0,0.22201834862385317,0.7333333333333334,0.0,0.569628229363579,1.0,0.0,1.0,1.0,0.5,0.0,0.4999999999999999,0.0,0.870129870129869,0.5,0.43939393939393945,0.8238805970149253,0.5755813953488372,0.0,0.0,0.0,0.0,0.0,0.6666666666666666,0.75,0.6014278878523669
0.778794813119756,0.0,0.5479452054794521,0.18593189964157708,0.0,0.0,0.25,0.75,0.439560439560438,0.8771929824561369,0.0,0.3432343234323432,1.0,0.22935779816513757,0.0,0.0,0.04788909892879645,1.0,0.0,0.0,0.0,0.0,0.0,0.0,0.0,0.3376623376623371,0.0,0.19393939393939397,0.0,0.0,0.4444444444444445,0.0,1.0,0.0,0.0,0.33333333333333337,1.0,0.16738724470999733
0.28299008390541575,0.2857142857142857,0.4931506849315068,0.4011350059737156,0.0,0.0,0.75,0.25,0.8571428571428541,0.7894736842105274,0.0,0.3259075907590759,1.0,0.2266055045871559,0.8552631578947368,0.0,0.6603654694391934,1.0,0.0,1.0,1.0,1.0,0.0,0.6666666666666666,0.5,0.8311688311688314,0.5,0.47424242424242424,0.4298507462686567,0.7732558139534884,0.0,0.0,0.0,0.0,0.0,0.5555555555555555,0.5,0.5103852163639674
0.540045766590389,0.2857142857142857,0.4246575342465754,0.2818847072879331,0.0,0.0,0.5,0.25,0.8351648351648322,0.7368421052631575,0.0,0.19884488448844878,1.0,0.11376146788990815,0.6956140350877194,0.0,0.4681789540012602,0.0,0.0,1.0,1.0,0.5,0.0,0.4999999999999999,0.0,0.8051948051948052,0.5,0.4606060606060606,0.0,0.7209302325581395,0.0,0.0,0.0,0.0,0.0,0.5555555555555555,0.0,0.3659873048405059
0.7719298245614035,0.46428571428571425,0.5342465753424658,0.4249551971326165,0.0,0.0,0.5,0.5,0.8351648351648322,0.7368421052631575,0.0,0.3432343234323432,1.0,0.2844036697247706,0.0,0.0,0.0856962822936358,1.0,0.0,0.0,0.0,0.0,0.0,0.16666666666666663,0.0,0.8051948051948052,0.5,0.5818181818181818,0.3582089552238806,0.0,0.0,0.0,0.0,0.0,0.0,0.2222222222222222,1.0,0.24360901618865738
0.052631578947368425,0.2142857142857143,0.5068493150684931,0.3839605734767025,0.0,0.0,0.25,0.0,0.3956043956043942,0.03508771929824661,0.0,0.3217821782178218,1.0,0.20550458715596331,0.4166666666666667,0.0,0.3308128544423441,0.0,0.0,1.0,0.0,1.0,0.0,0.33333333333333337,0.0,0.9090909090909101,0.5,0.8181818181818181,0.0,0.0,0.0,0.0,0.0,0.0,0.0,0.4444444444444444,1.0,0.32406533052724296
0.7398932112890922,0.2857142857142857,0.7123287671232875,0.631795101553166,0.0,0.0,0.75,0.25,0.8131868131868103,0.7017543859649109,0.2239819004524887,0.7879537953795379,1.0,0.7761467889908258,0.6991228070175439,0.0,0.9256458727158161,1.0,0.0,1.0,1.0,1.0,0.0,0.9999999999999999,0.5,0.779220779220779,0.5,0.5060606060606061,0.573134328358209,0.7034883720930233,0.0,0.0,0.0,0.0,0.0,0.33333333333333337,0.5,0.7317671170808755
0.03356216628527841,0.0,0.5479452054794521,0.38515531660692953,0.0,0.0,0.25,0.25,0.989010989010989,1.0,0.0,0.4991749174917492,1.0,0.4027522935779817,0.0,0.0,0.16698172652804033,0.0,0.0,0.0,1.0,0.0,0.0,0.16666666666666663,0.0,1.0,0.5,0.3787878787878788,0.23880597014925373,0.37209302325581395,0.0,0.0,0.0,0.0,0.0,0.2222222222222222,0.25,0.2774853590680618
0.5720823798627003,0.2142857142857143,0.3561643835616438,0.4870071684587814,0.0,0.0,0.5,0.75,0.2637362637362628,0.0,0.0,0.2128712871287129,1.0,0.23669724770642198,0.4780701754385965,0.0,0.3963453056080656,0.0,0.0,1.0,0.0,0.5,0.0,0.4999999999999999,0.5,0.12987012987012747,0.0,0.09090909090909094,1.0,0.0,0.0,0.0,0.0,0.0,0.0,0.5555555555555555,0.75,0.2118499447392157
0.7482837528604119,0.2857142857142857,0.767123287671233,0.5965501792114696,0.0,0.0,1.0,0.25,0.9450549450549417,0.9122807017543835,0.47511312217194573,0.44966996699669964,1.0,0.3715596330275228,0.787719298245614,0.0,0.7114051669817265,1.0,0.0,1.0,1.0,0.5,0.0,0.4999999999999999,0.5,0.9350649350649327,0.5,0.6151515151515151,0.5940298507462687,0.3488372093023256,0.0,0.0,0.0,0.0,0.0,0.9999999999999999,0.0,0.7009396450606176
0.11441647597254004,0.0,0.4931506849315068,0.5318100358422939,0.0,0.0,0.0,0.5,0.6043956043956022,0.3684210526315752,0.0,0.28382838283828377,1.0,0.16330275229357794,0.0,0.0,0.002520478890989275,0.0,0.0,0.0,0.0,0.0,0.0,0.0,0.0,0.7662337662337642,0.5,0.6,0.6447761194029851,0.0,0.0,0.0,0.0,0.0,0.0,0.1111111111111111,0.75,0.031881873192379506
0.8649885583524027,0.0,0.4931506849315068,0.4298835125448029,0.0,0.0,0.5,0.25,0.9560439560439526,0.9298245614035068,0.2714932126696833,0.9587458745874586,1.0,0.930275229357798,0.0,0.0,0.5293005671077504,1.0,0.0,1.0,0.0,0.5,0.0,0.4999999999999999,0.0,0.9480519480519476,0.5,0.5515151515151515,0.573134328358209,0.13372093023255813,0.0,0.0,0.0,0.0,0.0,0.33333333333333337,0.0,0.4680397877647119
0.7231121281464531,0.0,0.410958904109589,0.30077658303464755,0.0,0.0,0.75,0.25,0.989010989010989,0.9824561403508767,0.1900452488687783,0.5602310231023102,1.0,0.4899082568807338,0.0,0.0,0.22684310018903597,1.0,0.0,1.0,0.0,0.0,0.0,0.33333333333333337,0.0,0.9870129870129851,0.5,0.6848484848484848,0.31343283582089554,0.313953488372093,0.0,0.0,0.0,0.0,0.0,0.5555555555555555,0.0,0.4426325306051585
0.623951182303585,0.2857142857142857,0.4931506849315068,0.5828853046594982,0.0,0.0,0.5,0.25,0.6813186813186789,0.49122807017543835,0.2081447963800905,0.32838283828382836,1.0,0.21284403669724772,0.6710526315789473,0.0,0.5185885318210461,0.0,0.0,1.0,1.0,0.5,0.0,0.4999999999999999,0.5,0.6233766233766218,0.5,0.3939393939393939,0.7253731343283583,0.0,0.0,0.0,0.0,0.0,0.0,0.5555555555555555,0.75,0.351589859116759
0.055682684973302816,0.07142857142857142,0.23287671232876705,0.20474910394265233,0.0,0.0,0.25,0.75,0.16483516483516425,0.7543859649122808,0.0,0.16089108910891087,1.0,0.17339449541284402,0.0,0.0,0.009451795841209809,1.0,0.0,0.0,0.0,0.0,0.0,0.16666666666666663,0.0,0.012987012987011326,0.0,0.0,0.14328358208955225,0.0,0.0,0.0,0.0,0.0,0.0,0.9999999999999999,0.75,0.06575821607178395
0.5919145690312738,0.42857142857142855,0.6301369863013698,0.4646057347670251,0.0,0.0,0.5,0.75,0.659340659340657,0.7719298245614041,0.8144796380090499,0.0066006600660065695,1.0,0.3743119266055046,0.6675438596491228,0.0,0.6269691241335855,0.0,0.0,1.0,1.0,0.5,0.0,0.4999999999999999,0.5,0.5974025974025956,0.5,0.503030303030303,0.3373134328358209,0.5813953488372093,0.0,0.0,0.0,0.0,0.0,0.6666666666666666,0.25,0.4129907305856796
0.8085430968726163,0.2857142857142857,0.6301369863013698,0.4816308243727598,0.0,0.0,1.0,0.25,0.868131868131865,0.7894736842105274,0.0,0.5016501650165017,1.0,0.41834862385321103,0.7701754385964913,0.0,0.7309388783868935,0.0,0.0,1.0,1.0,0.5,0.0,0.6666666666666666,0.5,0.8441558441558428,0.5,0.43333333333333335,0.0,0.9011627906976744,0.0,0.0,0.0,0.0,0.0,0.4444444444444444,0.75,0.6353042307317713
0.3897787948131198,0.2142857142857143,0.23287671232876705,0.20474910394265233,0.0,0.0,0.0,0.75,0.20879120879120805,0.7894736842105274,0.0,0.30033003300330036,1.0,0.2779816513761467,0.512280701754386,0.0,0.4492753623188406,0.0,0.0,0.0,0.0,0.5,0.0,0.33333333333333337,0.0,0.06493506493506374,0.0,0.09090909090909094,0.0,0.0,0.3,0.0,0.75,0.0,0.0,0.5555555555555555,0.75,0.18432541614969955
0.4241037376048818,0.42857142857142855,0.6575342465753425,0.4212962962962962,0.0,0.0,0.5,0.25,0.5274725274725256,0.24561403508771917,0.5859728506787331,0.6006600660066006,1.0,0.6091743119266055,0.0,0.0,0.3087586641461878,1.0,0.0,0.0,1.0,0.5,0.0,0.33333333333333337,0.0,0.4415584415584419,0.5,0.5151515151515151,0.5253731343283582,0.0,0.0,0.0,0.0,0.0,0.0,0.4444444444444444,0.5,0.3346516876770568
0.6247139588100686,0.0,0.4931506849315068,0.37604540023894856,0.0,0.0,0.5,1.0,0.5164835164835146,0.9298245614035068,0.0,0.4447194719471947,1.0,0.35045871559633024,0.0,0.0,0.13106490233144297,0.0,1.0,0.0,0.0,0.5,0.0,0.33333333333333337,0.0,0.42857142857142705,0.0,0.12727272727272732,0.573134328358209,0.0,0.0,0.0,0.0,0.0,0.0,0.0,0.0,0.27536808763809906
0.5835240274599542,0.0,0.5616438356164383,0.45900537634408595,0.0,0.0,0.25,0.5,0.868131868131865,0.9824561403508767,0.0,0.47772277227722776,1.0,0.3788990825688072,0.0,0.0,0.15059861373661,0.0,0.0,0.0,1.0,0.5,0.0,0.33333333333333337,0.0,0.8961038961038952,0.0,0.2606060606060606,0.8298507462686567,0.0,0.0,0.0,0.0,0.0,0.0,0.4444444444444444,0.5,0.23090538760888069
0.9473684210526316,0.2857142857142857,0.6986301369863014,0.5747461170848267,0.0,0.0,0.5,0.25,0.5824175824175803,0.3333333333333357,0.0,0.35643564356435636,1.0,0.37247706422018334,0.8947368421052632,0.0,0.7889098928796472,0.0,0.0,1.0,1.0,1.0,0.0,0.8333333333333334,1.0,0.5064935064935057,0.5,0.6,0.835820895522388,0.0,0.0,0.0,0.0,0.0,0.0,0.4444444444444444,0.5,0.49725813349819814
0.7696414950419527,0.0,0.4931506849315068,0.4010603345280765,0.0,0.0,0.75,0.25,0.9450549450549417,0.9122807017543835,0.22624434389140274,0.7747524752475248,1.0,0.7091743119266054,0.0,0.0,0.37744171392564585,0.0,0.0,1.0,0.0,0.5,0.0,0.33333333333333337,0.5,0.9350649350649327,0.5,0.5257575757575758,0.573134328358209,0.22674418604651161,0.0,0.0,0.0,0.0,0.0,0.7777777777777778,0.25,0.43416344488530745
0.425629290617849,0.7142857142857142,0.0,0.09050179211469533,0.0,0.0,1.0,0.25,0.989010989010989,0.9824561403508767,0.24434389140271495,0.8531353135313531,1.0,0.7963302752293577,0.0,0.0,0.4373030875866415,0.0,0.0,1.0,0.0,0.0,0.0,0.33333333333333337,0.5,0.9870129870129851,0.5,0.6772727272727272,0.46567164179104475,0.42441860465116277,0.0,0.0,0.0,0.0,0.0,0.6666666666666666,0.25,0.5082679449340046
0.3516399694889398,0.2857142857142857,0.5479452054794521,0.423984468339307,0.0,0.0,1.0,0.25,0.9670329670329672,0.9473684210526301,0.0,0.1542904290429043,1.0,0.019266055045871533,0.6201754385964913,0.0,0.3490863264020164,0.0,0.0,1.0,1.0,0.5,0.0,0.33333333333333337,0.5,0.9610389610389589,0.5,0.3378787878787879,0.2985074626865672,0.20348837209302326,0.0,0.0,0.0,0.0,0.0,0.888888888888889,0.0,0.3748798448463496
0.4698703279938978,0.7142857142857142,0.36986301369863017,0.31354540023894856,0.0,0.0,0.5,0.25,0.9780219780219781,0.9824561403508767,0.579185520361991,0.6947194719471947,1.0,0.620183486238532,0.0,0.0,0.3163201008191556,0.0,0.0,1.0,0.0,0.0,0.0,0.33333333333333337,0.5,0.9740259740259738,0.5,0.4242424242424243,0.573134328358209,0.16279069767441862,0.0,0.0,0.0,0.0,0.0,0.4444444444444444,0.25,0.44559671060710637
0.7475209763539283,0.0,0.4657534246575342,0.3870967741935483,0.0,0.0,0.25,0.5,0.45054945054944895,0.9122807017543835,0.328054298642534,0.5742574257425741,1.0,0.7706422018348624,0.0,0.0,0.41965973534971646,0.0,0.0,0.0,0.0,1.0,0.0,0.4999999999999999,0.5,0.35064935064934843,0.0,0.2787878787878788,0.34626865671641793,0.45348837209302323,0.0,0.0,0.0,0.0,0.0,0.33333333333333337,1.0,0.23302265903884345
0.3096872616323418,0.07142857142857142,0.2191780821917808,0.19018817204301075,0.0,0.0,0.0,0.75,0.23076923076922995,0.8771929824561369,0.9841628959276019,0.3193069306930693,1.0,0.40825688073394484,0.0,0.0,0.1707624448645243,0.0,0.0,0.0,0.0,0.0,0.0,0.4999999999999999,0.0,0.8441558441558428,0.5,0.7454545454545454,0.0,0.41860465116279066,0.0,0.0,0.0,0.0,0.0,0.1111111111111111,0.25,0.0
0.15865751334858885,0.0,0.3561643835616438,0.2853942652329749,0.0,0.0,0.5,0.25,0.989010989010989,0.9824561403508767,0.15384615384615385,0.6122112211221122,1.0,0.5284403669724771,0.0,0.0,0.2533081285444234,0.0,0.0,1.0,0.0,0.0,0.0,0.16666666666666663,0.0,0.9870129870129851,0.5,0.593939393939394,0.0,0.6976744186046512,0.0,0.0,0.0,0.0,0.0,0.33333333333333337,0.0,0.40452164486582853
0.5491990846681922,0.0,0.5753424657534246,0.43160095579450414,0.0,0.0,1.0,0.25,1.0,1.0,0.31674208144796384,0.8052805280528053,1.0,0.7431192660550459,0.0,0.0,0.40075614366729684,0.0,0.0,1.0,0.0,0.5,0.0,0.4999999999999999,0.0,1.0,0.5,0.44545454545454544,0.5014925373134328,0.7558139534883721,0.0,0.0,0.0,0.0,0.0,0.4444444444444444,0.25,0.5739033592628507
0.7017543859649122,0.2857142857142857,0.4657534246575342,0.40830346475507767,0.0,0.0,0.5,0.25,0.9780219780219781,0.9824561403508767,0.0,0.18976897689768973,1.0,0.05871559633027523,0.6578947368421053,0.0,0.4032766225582861,0.0,0.0,1.0,1.0,0.5,0.0,0.33333333333333337,0.0,0.9740259740259738,0.5,0.5818181818181818,0.0,0.20348837209302326,0.0,0.0,0.0,0.0,0.0,0.6666666666666666,0.0,0.35751821912065485
0.19832189168573608,0.7142857142857142,0.34246575342465746,0.35991636798088406,0.0,0.0,0.75,0.25,0.9670329670329672,0.9473684210526301,0.330316742081448,0.6914191419141913,1.0,0.6165137614678899,0.0,0.0,0.31379962192816635,1.0,0.0,1.0,0.0,0.0,0.0,0.33333333333333337,0.5,0.9610389610389589,0.5,0.4606060606060606,0.573134328358209,0.1744186046511628,0.0,0.0,0.0,0.0,0.0,0.5555555555555555,0.5,0.4976815877841908
0.30739893211289093,0.0,0.5616438356164383,0.7278225806451613,0.0,0.0,0.5,0.25,0.890109890109887,0.8421052631578974,0.4864253393665159,0.7904290429042904,1.0,0.7403669724770643,0.0,0.0,0.39886578449905485,1.0,0.0,1.0,0.0,0.5,0.0,0.4999999999999999,0.5,0.870129870129869,0.5,0.49696969696969695,0.417910447761194,0.22674418604651161,0.0,0.0,0.0,0.0,0.0,0.2222222222222222,0.5,0.5057272192180493
0.7109077040427155,0.42857142857142855,0.4246575342465754,0.3738799283154121,0.0,0.0,0.25,1.0,0.670329670329668,0.47368421052631504,0.49773755656108604,0.3836633663366336,1.0,0.2743119266055045,0.0,0.0,0.07876496534341526,0.0,0.0,1.0,0.0,0.5,0.0,0.33333333333333337,0.0,0.6103896103896105,0.0,0.22424242424242424,0.6268656716417911,0.0,0.0,0.0,0.0,0.0,0.0,0.9999999999999999,0.5,0.2558891904824414
0.5179252479023646,0.0,0.6164383561643835,0.43742532855436084,0.0,0.0,0.5,0.25,0.890109890109887,0.824561403508774,0.0,0.7912541254125411,1.0,0.7412844036697248,0.0,0.0,0.39949590422180214,1.0,0.0,1.0,0.0,0.5,0.0,0.33333333333333337,0.0,0.870129870129869,0.5,0.6,0.5014925373134328,0.1569767441860465,0.0,0.0,0.0,0.0,0.0,0.5555555555555555,0.0,0.5400270163834463
0.877955758962624,0.2857142857142857,0.3561643835616438,0.896505376344086,0.0,0.0,0.75,0.25,0.9670329670329672,0.9649122807017534,0.0,0.22112211221122108,1.0,0.0935779816513761,0.6157894736842106,0.0,0.39697542533081287,1.0,0.0,1.0,1.0,0.5,0.0,0.6666666666666666,0.5,0.9610389610389589,0.5,0.3151515151515152,0.2985074626865672,0.436046511627907,0.0,0.0,0.0,0.0,0.0,0.0,0.5,0.4002871020059029
0.5652173913043478,0.2142857142857143,0.15068493150684936,0.3636499402628434,0.0,0.0,0.25,0.75,0.0219780219780219,0.0,0.0,0.13696369636963696,1.0,0.0,0.49473684210526314,0.0,0.2457466918714556,0.0,1.0,0.0,1.0,0.5,0.0,0.4999999999999999,0.0,0.32467532467532223,0.0,0.15151515151515155,0.6179104477611941,0.0,0.5333333333333333,0.0,0.0,0.0,0.0,0.5555555555555555,0.0,0.11233818753096508
0.5942028985507246,0.39285714285714285,0.26027397260273977,0.2800179211469534,0.0,0.0,0.75,0.25,0.27472527472527375,0.0,0.0,0.32838283828382836,1.0,0.21284403669724772,0.6385964912280702,0.0,0.49527410207939515,0.0,0.0,1.0,0.0,1.0,0.0,0.4999999999999999,1.0,0.14285714285714235,0.0,0.09090909090909094,0.0,0.0,0.0,0.0,0.7875000000000001,0.0,0.0,0.6666666666666666,0.25,0.3155962448073918
0.9084668192219679,0.7142857142857142,0.0,0.05092592592592593,0.0,0.0,0.5,0.25,0.9010989010988979,0.8596491228070136,0.0,0.7301980198019802,1.0,0.5972477064220183,0.0,0.0,0.3005671077504726,1.0,0.0,1.0,0.0,0.0,0.0,0.16666666666666663,0.0,0.8831168831168839,0.5,0.5015151515151516,0.4298507462686567,0.3953488372093023,0.0,0.0,0.0,0.0,0.0,0.6666666666666666,0.5,0.3875834734261263
0.9626239511823036,0.0,0.6301369863013698,0.46833930704898447,0.0,0.0,0.5,0.25,0.670329670329668,0.47368421052631504,0.8144796380090499,0.6848184818481848,1.0,0.5944954128440367,0.0,0.0,0.2986767485822307,0.0,1.0,1.0,0.0,0.0,0.0,0.33333333333333337,0.5,0.6103896103896105,0.5,0.6818181818181819,0.0,0.09302325581395349,0.0,0.0,0.0,0.0,0.0,0.2222222222222222,0.75,0.33211096196110146
0.39206712433257057,0.46428571428571425,0.5479452054794521,0.40038829151732375,0.0,0.0,0.25,0.5,0.7252747252747227,0.5614035087719316,0.0,0.26402640264026406,1.0,0.15963302752293573,0.0,0.0,0.0,1.0,0.0,0.0,0.0,0.0,0.0,0.0,0.0,0.8571428571428577,0.5,0.5272727272727273,0.0,0.0,0.0,0.0,0.0,0.0,0.0,0.5555555555555555,0.75,0.20126358758940177
0.2143401983218917,0.2142857142857143,0.3561643835616438,0.37499999999999994,0.0,0.0,0.5,0.25,0.2637362637362628,0.8771929824561369,0.0,0.34653465346534656,1.0,0.4642201834862385,0.35350877192982455,0.0,0.46313799621928164,0.0,0.0,0.0,0.0,0.0,0.0,0.33333333333333337,1.0,0.12987012987012747,0.0,0.09090909090909094,0.0,0.0,0.6,0.0,0.0,0.0,0.0,0.4444444444444444,0.0,0.21396721616917846
0.524790236460717,0.07142857142857142,0.3561643835616438,0.2638142174432497,0.0,0.0,0.25,0.25,0.0879120879120876,0.0,0.0,0.5156765676567656,1.0,0.5642201834862386,0.0,0.0,0.277882797731569,0.0,0.0,0.0,0.0,0.0,0.0,0.16666666666666663,0.0,0.45454545454545325,0.5,0.3939393939393939,0.0,0.0,0.0,0.0,0.0,0.0,0.0,0.888888888888889,0.75,0.0445855017721562
0.3829138062547674,0.2142857142857143,0.6301369863013698,0.38097371565113497,0.0,0.0,0.25,0.25,0.34065934065933945,0.0,0.0,0.2574257425742574,1.0,0.13394495412844032,0.3368421052631579,0.0,0.2243226212980467,0.0,0.0,0.0,0.0,0.0,0.0,0.33333333333333337,0.0,0.22077922077922096,0.0,0.23636363636363633,0.4716417910447761,0.0,0.5666666666666667,0.0,0.0,0.0,0.0,0.888888888888889,0.5,0.12292454468077896
0.09077040427154842,0.0,0.4657534246575342,0.4210722819593787,0.0,0.0,0.75,0.25,0.9120879120879088,0.8596491228070136,0.0,0.7516501650165015,1.0,0.6834862385321101,0.0,0.0,0.3597983616887209,1.0,0.0,1.0,0.0,0.5,0.0,0.33333333333333337,0.0,0.8961038961038952,0.5,0.7363636363636363,0.0,0.20348837209302326,0.0,0.0,0.0,0.0,0.0,0.7777777777777778,0.75,0.43416344488530745
0.02822273073989321,0.2142857142857143,0.5616438356164383,0.45900537634408595,0.0,0.0,0.5,0.0,0.4175824175824161,0.3859649122806985,0.0,0.39108910891089105,1.0,0.4862385321100917,0.5605263157894737,0.0,0.6269691241335855,0.0,0.0,1.0,0.0,1.0,0.0,0.4999999999999999,0.0,0.3116883116883109,0.0,0.21969696969696972,0.5432835820895523,0.0,0.0,0.0,0.0,0.0,0.0,0.888888888888889,0.0,0.20084013330340922
0.330282227307399,0.2857142857142857,0.6301369863013698,0.4611708482676224,0.0,0.0,1.0,0.25,0.8461538461538431,0.7719298245614041,0.28280542986425344,0.21204620462046203,1.0,0.34770642201834856,0.7421052631578947,0.0,0.6622558286074354,0.0,0.0,1.0,1.0,0.5,0.0,0.6666666666666666,0.5,0.8181818181818166,0.5,0.4409090909090909,0.5432835820895523,0.47093023255813954,0.0,0.0,0.0,0.0,0.0,0.7777777777777778,0.0,0.5315579306635952
0.3859649122807018,0.2142857142857143,0.6438356164383562,0.6550179211469533,0.0,0.0,0.25,0.25,0.4175824175824161,0.07017543859649322,0.7579185520361992,0.43729372937293726,0.0,0.3339449541284403,0.6535087719298246,0.0,0.5891619407687461,0.0,0.0,1.0,0.0,1.0,0.0,0.4999999999999999,0.0,0.3116883116883109,0.0,0.2606060606060606,0.0,0.0,0.0,0.0,0.0,0.0,0.0,0.9999999999999999,0.5,0.17797360185981126
0.5751334858886347,0.0,0.4246575342465754,0.3846326164874552,0.0,0.0,0.75,0.25,0.9340659340659307,0.8947368421052602,0.0,0.7706270627062706,1.0,0.6862385321100917,0.0,0.0,0.3616887208569629,0.0,0.0,1.0,0.0,0.5,0.0,0.33333333333333337,0.5,0.9220779220779214,0.5,0.5257575757575758,0.8656716417910448,0.22674418604651161,0.0,0.0,0.0,0.0,0.0,0.2222222222222222,0.75,0.42145981630553075
0.5842868039664378,0.2142857142857143,0.4931506849315068,0.6264187574671445,0.0,0.0,0.25,0.5,0.3296703296703285,0.7894736842105274,0.0,0.2046204620462046,1.0,0.07522935779816509,0.37894736842105264,0.0,0.2142407057340895,0.0,0.0,0.0,0.0,0.5,0.0,0.33333333333333337,0.0,0.20779220779220609,0.0,0.09090909090909094,0.0,0.0,0.0,0.0,0.0,0.0,0.0,0.33333333333333337,0.5,0.17373905899988562
0.5865751334858886,0.42857142857142855,0.6575342465753425,0.4212962962962962,0.0,0.0,0.5,0.75,0.5494505494505475,0.2807017543859658,0.414027149321267,0.5008250825082508,1.0,0.4394495412844037,0.0,0.0,0.1921865154379332,1.0,0.0,0.0,1.0,0.5,0.0,0.33333333333333337,0.0,0.46753246753246813,0.5,0.4696969696969697,0.0,0.75,0.0,0.0,0.0,0.0,0.0,0.33333333333333337,0.5,0.3617527619805804
0.4912280701754386,0.0,0.6301369863013698,0.4944743130227001,0.0,0.0,0.25,0.5,0.6263736263736241,0.8771929824561369,0.0,0.5412541254125411,1.0,0.45137614678899074,0.0,0.0,0.20037807183364842,0.0,1.0,0.0,1.0,0.5,0.0,0.16666666666666663,0.5,0.5584415584415581,0.5,0.39242424242424245,0.6686567164179105,0.0,0.0,0.0,0.0,0.0,0.0,0.9999999999999999,0.5,0.2859544447879129
0.6857360793287567,0.7142857142857142,0.28767123287671226,0.3370669056152927,0.0,0.0,0.5,0.25,0.6923076923076898,0.5087719298245617,0.0,0.32838283828382836,1.0,0.21284403669724772,0.0,0.0,0.036546943919344654,0.0,0.0,1.0,0.0,0.0,0.0,0.16666666666666663,0.5,0.6363636363636367,0.0,0.12727272727272732,0.08358208955223881,0.0,0.0,0.0,0.0,0.0,0.0,0.2222222222222222,1.0,0.04246823034219338
0.33562166285278416,0.0,0.5068493150684931,0.4337664277180406,0.0,0.0,0.5,0.25,0.7362637362637336,0.5789473684210549,0.0,0.46534653465346537,1.0,0.36146788990825685,0.0,0.0,0.1386263390044109,0.0,0.0,0.0,1.0,0.5,0.0,0.16666666666666663,0.0,0.6883116883116891,0.5,0.4606060606060606,0.3582089552238806,0.0,0.8777777777777778,0.0,0.0,0.0,0.0,0.4444444444444444,0.25,0.18855995900962508
0.30587337909992374,0.7142857142857142,0.09589041095890416,0.14575866188769415,0.0,0.0,1.0,0.25,0.9230769230769198,0.8771929824561369,0.0,0.8036303630363035,1.0,0.8862385321100916,0.0,0.0,0.4990548204158791,1.0,0.0,1.0,0.0,0.0,0.0,0.33333333333333337,0.0,0.9090909090909101,0.5,0.4833333333333334,0.2865671641791045,0.27906976744186046,0.0,0.0,0.0,0.0,0.0,0.6666666666666666,0.25,0.6840014736209152
0.13729977116704806,0.42857142857142855,0.6986301369863014,0.4459378733572282,0.0,0.0,0.5,0.75,0.5274725274725256,0.7192982456140342,0.24434389140271495,0.6452145214521452,1.0,0.5651376146788991,0.0,0.0,0.2785129174543164,0.0,1.0,1.0,0.0,0.5,0.0,0.4999999999999999,0.0,0.4415584415584419,0.0,0.1954545454545455,0.9940298507462687,0.0,0.0,0.0,0.0,0.0,0.0,0.888888888888889,0.25,0.2901889876478385
0.6590389016018307,0.2857142857142857,0.5616438356164383,0.47020609318996415,0.0,0.0,0.75,0.25,0.9780219780219781,0.9649122807017534,0.0,0.4892739273927393,1.0,0.391743119266055,0.7526315789473684,0.0,0.7000630119722748,0.0,0.0,1.0,1.0,0.5,0.0,0.6666666666666666,0.5,0.9740259740259738,0.5,0.7712121212121212,0.0,0.27906976744186046,0.0,0.0,0.0,0.0,0.0,0.0,0.75,0.6924705593407663
0.950419527078566,0.0,0.5616438356164383,0.5105286738351253,0.0,0.0,0.0,0.25,0.4175824175824161,0.07017543859649322,0.29864253393665163,0.28382838283828377,1.0,0.24036697247706418,0.0,0.0,0.055450535601764384,0.0,0.0,0.0,0.0,0.5,0.0,0.16666666666666663,0.0,0.3116883116883109,0.0,0.10303030303030303,0.0,0.0,0.0,0.0,0.0,0.0,0.0,0.0,0.25,0.09116547323133728
0.8192219679633868,0.35714285714285715,0.5616438356164383,0.6438172043010753,0.0,0.0,0.75,0.75,0.27472527472527375,0.0,0.0,0.15181518151815182,1.0,0.15963302752293573,0.6175438596491228,0.0,0.44360428481411474,0.0,0.0,0.0,1.0,0.5,0.0,0.4999999999999999,0.5,0.14285714285714235,0.0,0.08181818181818185,0.0,0.0,0.0,0.0,0.0,0.0,0.0,0.5555555555555555,0.75,0.36005894483661016
0.44698703279938984,0.0,0.5616438356164383,0.48977001194743125,0.0,0.0,0.25,0.75,0.5274725274725256,0.8596491228070136,0.0,0.7970297029702968,1.0,0.7339449541284404,0.0,0.0,0.3944549464398236,1.0,0.0,0.0,0.0,0.5,0.0,0.4999999999999999,0.0,0.49350649350649434,0.5,0.4545454545454546,0.0,0.0,0.0,0.0,0.0,0.0,0.0,0.1111111111111111,0.75,0.3282998733871685
0.379862700228833,0.0,0.3561643835616438,0.2952508960573476,0.0,0.0,0.5,0.5,0.47252747252747085,0.15789473684210265,0.4683257918552037,0.28382838283828377,1.0,0.16330275229357794,0.0,0.0,0.002520478890989275,1.0,0.0,0.0,0.0,0.0,0.0,0.0,0.0,0.37662337662337464,0.0,0.16363636363636364,0.5014925373134328,0.0,0.0,0.0,0.0,0.0,0.0,0.888888888888889,0.0,0.12927635897066736
0.9016018306636155,0.2142857142857143,0.2465753424657534,0.21370967741935482,0.0,0.0,0.5,0.5,0.16483516483516425,0.0,0.0,0.30033003300330036,1.0,0.25045871559633026,0.35789473684210527,0.0,0.3194706994328923,0.0,0.0,0.0,0.0,0.5,0.0,0.33333333333333337,0.5,0.6233766233766218,0.0,0.5757575757575758,0.0,0.0,0.0,0.0,0.75,0.0,0.0,0.9999999999999999,0.25,0.16103543042010904
0.6460717009916095,0.2857142857142857,0.4931506849315068,0.3796296296296296,0.0,0.0,0.5,0.25,0.8571428571428541,0.7719298245614041,0.23755656108597287,0.33663366336633666,1.0,0.22935779816513757,0.6885964912280702,0.0,0.5425330812854443,0.0,1.0,1.0,1.0,0.5,0.0,0.4999999999999999,0.0,0.8311688311688314,0.5,0.4409090909090909,0.8955223880597015,0.5058139534883721,0.0,0.0,0.0,0.0,0.0,0.5555555555555555,0.25,0.4722743306246374
0.7063310450038138,0.0,0.410958904109589,0.2526881720430107,0.0,0.0,0.75,0.25,0.989010989010989,0.9824561403508767,0.05429864253393665,0.5503300330033003,1.0,0.4788990825688073,0.0,0.0,0.21928166351606804,1.0,0.0,1.0,0.0,0.0,0.0,0.33333333333333337,0.0,0.9870129870129851,0.5,0.6848484848484848,0.31343283582089554,0.3546511627906977,0.0,0.0,0.0,0.0,0.0,0.0,1.0,0.49344704492426517
0.345537757437071,0.0,0.4931506849315068,0.7408900836320191,0.0,0.0,0.25,0.75,0.439560439560438,0.8771929824561369,0.0,0.33663366336633666,1.0,0.22201834862385317,0.0,0.0,0.0428481411468179,0.0,0.0,0.0,0.0,0.0,0.0,0.0,0.0,0.3376623376623371,0.0,0.10909090909090913,0.7791044776119403,0.0,0.8666666666666667,0.0,0.0,0.0,0.0,0.4444444444444444,0.25,0.18009087328977402
0.4630053394355454,0.7142857142857142,0.2191780821917808,0.3460274790919952,0.0,0.0,0.5,0.25,0.7032967032967008,0.526315789473685,0.0,0.33250825082508245,1.0,0.21743119266055044,0.0,0.0,0.03969754253308133,0.0,0.0,1.0,0.0,0.0,0.0,0.16666666666666663,0.5,0.649350649350648,0.0,0.12727272727272732,0.23880597014925373,0.0,0.0,0.0,0.0,0.0,0.0,0.33333333333333337,1.0,0.22667084474895516
0.364607170099161,0.0,0.2191780821917808,0.1957885304659498,0.0,0.0,0.25,0.5,0.45054945054944895,0.12280701754385603,0.0,0.33663366336633666,1.0,0.22201834862385317,0.0,0.0,0.0428481411468179,0.0,0.0,0.0,0.0,0.5,0.0,0.16666666666666663,0.0,0.35064935064934843,0.0,0.16363636363636364,0.0,0.0,0.0,0.0,0.0,0.0,0.0,0.4444444444444444,0.5,0.09751728752122563
0.7429443173150267,0.0,0.31506849315068497,0.43809737156511347,0.0,0.0,0.25,0.25,0.8571428571428541,0.7894736842105274,0.0,0.3877887788778878,1.0,0.27889908256880735,0.0,0.0,0.08191556395715194,0.0,1.0,0.0,0.0,0.5,0.0,0.16666666666666663,0.0,0.8571428571428577,0.5,0.7454545454545454,0.0,0.0,0.0,0.0,0.0,0.0,0.0,0.0,0.5,0.2351399304688062
0.5575896262395118,0.0,0.5616438356164383,0.4198028673835125,0.0,0.0,0.25,0.25,0.4175824175824161,0.07017543859649322,0.0,0.3432343234323432,1.0,0.40550458715596327,0.0,0.0,0.16887208569628231,0.0,0.0,0.0,0.0,0.0,0.0,0.16666666666666663,0.0,0.3116883116883109,0.0,0.16060606060606064,0.0,0.0,0.0,0.0,0.0,0.0,0.0,0.4444444444444444,0.0,0.1208072732508162
0.34248665141113654,0.2142857142857143,0.2191780821917808,0.12111708482676226,0.0,0.0,0.5,0.75,0.34065934065933945,0.0,0.0,0.39933993399339934,1.0,0.291743119266055,0.5789473684210527,0.0,0.5066162570888468,0.0,0.0,1.0,0.0,0.5,0.0,0.4999999999999999,1.0,0.2597402597402585,0.5,0.36363636363636365,0.0,0.13953488372093023,0.2,0.0,0.0,0.0,0.0,0.888888888888889,0.0,0.29442353050776404
0.8032036613272311,0.7142857142857142,0.26027397260273977,0.022849462365591378,0.0,0.0,0.75,0.25,1.0,1.0,0.29411764705882354,0.7037953795379537,1.0,0.7972477064220183,0.0,0.0,0.4379332073093888,0.0,0.0,1.0,0.0,0.0,0.0,0.4999999999999999,0.5,1.0,1.0,0.7272727272727273,0.42686567164179107,0.11627906976744186,0.0,0.0,0.0,0.0,0.0,0.4444444444444444,0.75,0.3579416734066474
0.10373760488176964,0.0,0.5616438356164383,0.36379928315412186,0.0,0.0,0.5,0.75,0.5274725274725256,0.24561403508771917,0.5882352941176471,0.47194719471947194,1.0,0.37247706422018334,0.0,0.0,0.14618777567737873,1.0,0.0,0.0,0.0,0.5,0.0,0.33333333333333337,0.0,0.4415584415584419,0.5,0.49090909090909096,0.0,0.0,0.0,0.0,0.0,0.0,0.0,0.5555555555555555,0.5,0.2351399304688062
0.45003813882532423,0.46428571428571425,0.767123287671233,0.4953703703703703,0.0,0.0,0.0,0.25,0.6153846153846132,0.3859649122806985,0.0,0.5099009900990099,1.0,0.45412844036697253,0.0,0.0,0.2022684310018904,1.0,0.0,1.0,0.0,0.5,0.0,0.33333333333333337,0.0,0.5714285714285694,0.5,0.6181818181818182,0.0,0.0,1.0,0.0,0.0,0.0,0.0,0.2222222222222222,0.5,0.20338085901936453
0.05339435545385202,0.0,0.6027397260273971,0.519489247311828,0.0,0.0,0.75,0.25,0.9120879120879088,0.8596491228070136,0.414027149321267,0.8003300330033003,1.0,0.7477064220183487,0.0,0.0,0.4039067422810334,1.0,0.0,1.0,0.0,0.5,0.0,0.33333333333333337,0.0,0.8961038961038952,0.5,0.6015151515151516,0.4298507462686567,0.1686046511627907,0.0,0.0,0.0,0.0,0.0,0.4444444444444444,0.75,0.4849779592044141
0.5392829900839055,0.0,0.39726027397260266,0.3357974910394265,0.0,0.0,0.75,0.25,0.868131868131865,0.8070175438596507,0.08597285067873305,0.5915841584158414,1.0,0.5201834862385322,0.0,0.0,0.24763705103969758,0.0,0.0,1.0,0.0,0.5,0.0,0.33333333333333337,0.5,0.8441558441558428,0.5,0.3363636363636364,0.6567164179104478,0.12209302325581395,0.0,0.0,0.0,0.0,0.0,0.4444444444444444,0.25,0.36641075912649845
0.15179252479023647,0.2857142857142857,0.7945205479452054,0.626194743130227,0.0,0.0,1.0,0.75,0.9120879120879088,1.0,0.7873303167420815,0.5214521452145213,1.0,0.4385321100917432,0.9701754385964912,0.0,0.888468809073724,0.0,0.0,1.0,1.0,1.0,0.0,0.8333333333333334,0.5,0.8961038961038952,1.0,0.7439393939393939,0.3940298507462687,0.3313953488372093,0.0,0.0,0.0,0.0,0.0,0.2222222222222222,1.0,0.8491486451580119
0.9405034324942791,0.7142857142857142,0.1917808219178082,0.26709976105137395,0.0,0.0,0.75,0.25,0.9780219780219781,0.9824561403508767,0.21266968325791857,0.6996699669966997,1.0,0.6256880733944954,0.0,0.0,0.3201008191556396,0.0,0.0,1.0,0.0,0.0,0.0,0.33333333333333337,0.5,0.9740259740259738,0.5,0.44545454545454544,0.3940298507462687,0.20348837209302326,0.0,0.0,0.0,0.0,0.0,0.7777777777777778,0.0,0.4786261449145257
0.6681922196796338,0.0,0.6027397260273971,0.44668458781362,0.0,0.0,0.5,0.75,0.6153846153846132,0.9824561403508767,0.0,0.5288778877887788,1.0,0.6376146788990826,0.0,0.0,0.3282923755513548,1.0,0.0,0.0,1.0,0.5,0.0,0.16666666666666663,0.5,0.5454545454545432,0.5,0.7515151515151515,0.0,0.0,0.0,0.0,0.0,0.0,0.0,0.1111111111111111,1.0,0.45745343061489796
0.5484363081617086,0.2857142857142857,0.7945205479452054,0.4885005973715651,0.0,0.0,0.75,0.25,0.879120879120876,0.824561403508774,0.0,0.4925742574257425,1.0,0.40458715596330275,0.7771929824561403,0.0,0.7265280403276624,1.0,0.0,1.0,1.0,0.5,0.0,0.6666666666666666,0.5,0.870129870129869,0.5,0.41666666666666674,0.5373134328358209,0.7558139534883721,0.0,0.0,0.0,0.0,0.0,0.4444444444444444,0.25,0.7635685339589164
0.5148741418764302,0.0,0.34246575342465746,0.5387544802867383,0.0,0.0,0.75,0.25,0.879120879120876,0.8070175438596507,0.7647058823529412,0.9900990099009901,1.0,0.9486238532110092,0.0,0.0,0.5419029615626969,1.0,0.0,1.0,0.0,0.5,0.0,0.4999999999999999,0.5,0.8571428571428577,0.5,0.5257575757575758,0.7164179104477612,0.32558139534883723,0.8555555555555556,0.0,0.0,0.0,0.0,0.1111111111111111,1.0,0.7238061765042154
0.7284515636918383,0.2142857142857143,0.6164383561643835,0.45654121863799285,0.0,0.0,0.25,0.25,0.27472527472527375,0.0,0.0,0.2046204620462046,1.0,0.2587155963302752,0.35789473684210527,0.0,0.32514177693761814,1.0,0.0,0.0,0.0,0.5,0.0,0.33333333333333337,0.5,0.14285714285714235,0.0,0.09090909090909094,0.0,0.0,0.0,0.0,0.0,0.0,0.0,0.2222222222222222,0.25,0.06575821607178395
0.12433257055682684,0.0,0.4246575342465754,0.40285244922341695,0.0,0.0,0.75,0.25,0.9670329670329672,0.9473684210526301,0.22171945701357468,0.7376237623762376,1.0,0.6678899082568808,0.0,0.0,0.3490863264020164,0.0,0.0,1.0,0.0,0.5,0.0,0.33333333333333337,0.0,0.9610389610389589,0.5,0.4757575757575758,0.3940298507462687,0.6104651162790697,0.0,0.0,0.0,0.0,0.0,0.33333333333333337,1.0,0.4066389162957913
0.2295957284515637,0.2857142857142857,0.4246575342465754,0.3600657108721625,0.0,0.0,0.75,0.25,0.9560439560439526,0.9473684210526301,0.0,0.26980198019801976,1.0,0.1477064220183486,0.9482456140350878,0.0,0.6729678638941399,0.0,0.0,1.0,1.0,1.0,0.0,0.6666666666666666,0.5,0.9480519480519476,0.5,0.3848484848484849,0.2985074626865672,0.27906976744186046,0.0,0.0,0.0,0.0,0.0,0.5555555555555555,0.25,0.5506133735332602
0.28604118993135014,0.2142857142857143,0.2191780821917808,0.3899342891278375,0.0,0.0,0.5,0.5,0.23076923076922995,0.0,0.0,0.2145214521452145,1.0,0.08623853211009169,0.5228070175438596,0.0,0.32514177693761814,0.0,0.0,1.0,0.0,0.5,0.0,0.4999999999999999,0.5,0.09090909090908994,0.0,0.027272727272727282,0.0,0.0,0.0,0.0,0.0,0.0,0.0,0.4444444444444444,0.0,0.12715908754070449
0.5804729214340199,0.0,0.5616438356164383,0.3357974910394265,0.0,0.0,0.25,0.5,0.49450549450549275,0.19298245614034926,0.3076923076923077,0.5148514851485149,1.0,0.4201834862385321,0.0,0.0,0.17895400126023953,1.0,0.0,0.0,0.0,0.5,0.0,0.33333333333333337,0.0,0.40259740259740084,0.5,0.4181818181818182,0.0,0.0,0.0,0.0,0.0,0.0,0.0,0.7777777777777778,0.5,0.21375548902618213
0.4736842105263159,0.2142857142857143,0.23287671232876705,0.20474910394265233,0.0,0.0,0.25,0.5,0.219780219780219,0.0,0.0,0.3358085808580858,1.0,0.3495412844036697,0.41403508771929826,0.0,0.4278512917454317,0.0,0.0,0.0,1.0,0.5,0.0,0.16666666666666663,0.0,0.8441558441558428,0.5,0.6,0.33432835820895523,0.0,0.0,0.0,0.0,0.0,0.0,0.2222222222222222,0.75,0.22031903045906676
0.7841342486651411,0.0,0.36986301369863017,0.4764038231780167,0.0,0.0,0.25,0.25,0.6043956043956022,0.3684210526315752,0.0,0.35478547854785475,1.0,0.24220183486238533,0.0,0.0,0.056710775047258966,0.0,0.0,0.0,0.0,0.5,0.0,0.16666666666666663,0.0,0.6623376623376629,0.0,0.15151515151515155,0.0,0.0,0.0,0.0,0.0,0.0,0.0,0.5555555555555555,0.25,0.12715908754070449
0.5080091533180778,0.2857142857142857,0.4246575342465754,0.4431750298685782,0.0,0.0,0.75,0.25,0.9670329670329672,0.9473684210526301,0.0,0.28382838283828377,1.0,0.16330275229357794,0.7578947368421053,0.0,0.5469439193446755,0.0,0.0,1.0,1.0,0.5,0.0,0.4999999999999999,0.0,0.9610389610389589,0.5,0.593939393939394,0.5582089552238806,0.32558139534883723,0.0,0.0,0.0,0.0,0.0,0.2222222222222222,0.75,0.4256943591654563
0.7612509534706331,0.2857142857142857,0.6027397260273971,0.6214157706093191,0.0,0.0,0.5,0.5,0.5714285714285694,0.3157894736842124,0.0,0.17079207920792078,1.0,0.13119266055045864,0.637719298245614,0.0,0.4385633270321362,0.0,0.0,0.0,1.0,1.0,0.0,0.6666666666666666,0.0,0.49350649350649434,0.5,0.3954545454545455,0.0,0.0,0.0,0.0,0.0,0.0,0.0,0.33333333333333337,0.75,0.2732508162081363
0.2913806254767353,0.0,0.6301369863013698,0.4646057347670251,0.0,0.0,0.75,0.5,0.6263736263736241,0.4035087719298218,0.7239819004524888,0.5957095709570956,1.0,0.510091743119266,0.0,0.0,0.24070573408947704,0.0,0.0,0.0,1.0,0.5,0.0,0.33333333333333337,0.5,0.5584415584415581,0.5,0.5272727272727273,0.0,0.0,0.0,0.0,0.0,0.0,0.0,0.7777777777777778,0.25,0.3642934876965357
0.23951182303585047,0.42857142857142855,0.5205479452054794,0.2853942652329749,0.0,0.0,0.5,0.5,0.659340659340657,0.45614035087719174,0.576923076923077,0.4298679867986798,1.0,0.4027522935779817,0.0,0.0,0.16698172652804033,1.0,0.0,0.0,0.0,0.5,0.0,0.33333333333333337,0.5,0.6103896103896105,0.0,0.2606060606060606,0.8835820895522388,0.0,0.0,0.0,0.0,0.0,0.0,0.888888888888889,0.75,0.1504490732702951
0.2074752097635393,0.2142857142857143,0.4246575342465754,0.2282706093189964,0.0,0.0,0.5,0.25,0.25274725274725185,0.0,0.0,0.37293729372937295,1.0,0.2623853211009174,0.5307017543859649,0.0,0.45179584120982985,0.0,0.0,0.0,0.0,0.5,0.0,0.33333333333333337,0.5,0.11688311688311614,0.0,0.2,0.0,0.0,0.0,0.0,0.0,0.0,0.0,0.888888888888889,0.0,0.21481412474116357
0.6086956521739131,0.2857142857142857,0.4931506849315068,0.4011350059737156,0.0,0.0,0.5,0.25,0.9010989010988979,0.8421052631578974,0.26244343891402716,0.23432343234323433,1.0,0.1082568807339449,0.7701754385964913,0.0,0.5179584120982987,0.0,0.0,1.0,1.0,0.5,0.0,0.4999999999999999,0.0,0.8831168831168839,0.5,0.5196969696969698,0.0,0.4476744186046512,0.0,0.0,0.0,0.0,0.0,0.4444444444444444,1.0,0.47015705919467465
0.5980167810831426,0.2857142857142857,0.4246575342465754,0.35446535244922345,0.0,0.0,0.5,0.25,0.8571428571428541,0.7894736842105274,0.0,0.1501650165016501,1.0,0.014678899082568808,0.6833333333333333,0.0,0.39130434782608703,0.0,0.0,1.0,1.0,0.5,0.0,0.33333333333333337,0.5,0.8311688311688314,0.5,0.24696969696969695,0.0,0.20930232558139533,0.0,0.0,0.0,0.0,0.0,0.1111111111111111,0.75,0.3579416734066474
0.3447749809305874,0.0,0.3835616438356164,0.3077956989247312,0.0,0.0,0.75,0.25,0.9780219780219781,0.9649122807017534,0.0,0.608085808580858,1.0,0.5321100917431192,0.0,0.0,0.2558286074354128,0.0,0.0,1.0,0.0,0.5,0.0,0.33333333333333337,0.5,0.9740259740259738,0.5,0.4136363636363637,0.11343283582089553,0.8372093023255813,0.0,0.0,0.0,0.0,0.0,0.2222222222222222,0.0,0.36641075912649845
0.3943554538520214,0.2857142857142857,0.410958904109589,0.36902628434886503,0.0,0.0,0.75,0.25,0.9670329670329672,0.9473684210526301,0.0,0.2062706270627062,1.0,0.07706422018348613,0.712280701754386,0.0,0.45494643982356653,0.0,0.0,1.0,1.0,0.5,0.0,0.33333333333333337,0.0,0.9610389610389589,0.5,0.5151515151515151,0.0,0.2616279069767442,0.0,0.0,0.0,0.0,0.0,0.7777777777777778,0.5,0.4083327334397615
0.15713196033562166,0.2857142857142857,0.6712328767123287,0.494847670250896,0.0,0.0,0.75,0.25,0.670329670329668,0.47368421052631504,0.6764705882352942,0.528052805280528,1.0,0.4311926605504586,0.7596491228070176,0.0,0.7321991178323881,0.0,0.0,1.0,1.0,1.0,0.0,0.6666666666666666,0.5,0.6103896103896105,0.5,0.49242424242424243,0.8597014925373134,0.6802325581395349,0.0,0.0,0.0,0.0,0.0,0.1111111111111111,0.5,0.43416344488530745
0.031273836765827616,0.35714285714285715,0.36986301369863017,0.289799880525687,0.0,0.0,0.5,1.0,0.31868131868131755,0.9122807017543835,0.0,0.41914191419141916,1.0,0.6880733944954129,0.775438596491228,0.0,0.9199747952110902,1.0,0.0,1.0,1.0,0.5,0.0,0.8333333333333334,0.5,0.19480519480519476,0.0,0.0,0.6686567164179105,0.0,0.0,0.0,0.0,0.0,0.0,0.5555555555555555,0.25,0.7199950879302826
0.07170099160945842,0.2857142857142857,0.7123287671232875,0.5364396654719235,0.0,0.0,1.0,0.25,1.0,1.0,0.6787330316742082,0.8762376237623761,1.0,0.8477064220183486,0.48333333333333334,0.0,0.8197857592942659,1.0,0.0,0.0,1.0,0.5,0.0,0.6666666666666666,0.5,1.0,1.0,0.9227272727272728,0.5313432835820896,0.6976744186046512,0.0,0.0,0.0,0.0,0.0,0.9999999999999999,0.25,1.0
0.09687261632341723,0.0,0.6301369863013698,0.3859020310633214,0.0,0.0,0.0,0.25,0.9560439560439526,0.9473684210526301,0.0,0.49587458745874585,1.0,0.3990825688073394,0.0,0.0,0.16446124763705106,0.0,0.0,1.0,0.0,0.0,0.0,0.16666666666666663,0.0,0.9480519480519476,0.5,0.3939393939393939,0.3940298507462687,0.37209302325581395,0.0,0.0,0.0,0.0,0.0,0.1111111111111111,1.0,0.21396721616917846
0.5194508009153318,0.0,0.36986301369863017,0.33990442054958186,0.0,0.0,0.5,1.0,0.5824175824175803,0.9649122807017534,0.0,0.41749174917491744,1.0,0.31192660550458706,0.0,0.0,0.10459987397605552,1.0,0.0,0.0,0.0,0.5,0.0,0.16666666666666663,0.0,0.5064935064935057,0.5,0.3939393939393939,0.5104477611940299,0.27906976744186046,0.0,0.0,0.0,0.0,0.0,0.5555555555555555,0.75,0.28171990192798735
0.5560640732265446,0.2857142857142857,0.39726027397260266,0.3599910394265233,0.0,0.0,0.75,0.25,0.9780219780219781,0.9649122807017534,0.0,0.17161716171617164,1.0,0.038532110091743066,0.6385964912280702,0.0,0.375551354757404,1.0,0.0,1.0,1.0,0.5,0.0,0.4999999999999999,0.5,0.9740259740259738,0.5,0.3484848484848485,0.10746268656716418,0.10465116279069767,0.0,0.0,0.0,0.0,0.0,0.888888888888889,0.5,0.42145981630553075
0.28375286041189934,0.0,0.5342465753424658,0.4836469534050179,0.0,0.0,0.5,0.25,0.439560439560438,0.10526315789473273,0.0,0.7557755775577557,1.0,0.9201834862385321,0.0,0.0,0.5223692501575299,0.0,0.0,0.0,0.0,0.5,0.0,0.4999999999999999,0.5,0.3376623376623371,0.5,0.4545454545454546,0.0,0.0,0.0,0.0,0.0,0.0,0.0,0.9999999999999999,0.75,0.16103543042010904
0.14721586575133486,0.2857142857142857,0.4931506849315068,0.5846027479091995,0.0,0.0,0.5,0.25,0.890109890109887,0.824561403508774,0.0,0.2326732673267326,1.0,0.10642201834862375,0.6219298245614036,0.0,0.41020793950850665,1.0,0.0,1.0,1.0,0.5,0.0,0.6666666666666666,0.5,0.870129870129869,0.5,0.353030303030303,0.2835820895522388,0.436046511627907,0.0,0.0,0.0,0.0,0.0,0.4444444444444444,0.0,0.40452164486582853
0.10983981693363845,0.35714285714285715,0.31506849315068497,0.4874551971326165,0.0,0.0,0.0,0.0,0.09890109890109855,0.0,0.0,0.13696369636963696,0.0,0.11376146788990815,0.4543859649122807,0.0,0.29489603024574673,0.0,0.0,0.0,0.0,0.5,0.0,0.6666666666666666,0.0,0.12987012987012747,0.0,0.04545454545454547,0.0,1.0,0.33333333333333337,0.0,0.0,0.0,0.0,0.7777777777777778,0.0,0.07422730179163506
0.665903890160183,0.42857142857142855,0.4931506849315068,0.3573028673835125,0.0,0.0,0.25,0.5,0.47252747252747085,0.15789473684210265,0.2895927601809955,0.5148514851485149,1.0,0.4201834862385321,0.0,0.0,0.17895400126023953,1.0,0.0,0.0,0.0,0.5,0.0,0.33333333333333337,0.5,0.37662337662337464,0.0,0.9333333333333333,0.25671641791044775,0.0,0.0,0.0,0.0,0.0,0.0,0.1111111111111111,0.0,0.22667084474895516
0.37223493516399697,0.0,0.589041095890411,0.49522102747909197,0.0,0.0,0.25,0.25,0.6373626373626351,0.43859649122806843,0.0,0.7169966996699668,1.0,0.644954128440367,0.0,0.0,0.33333333333333337,1.0,0.0,0.0,0.0,0.0,0.0,0.33333333333333337,0.5,0.5844155844155843,0.5,0.3606060606060606,0.7164179104477612,0.22093023255813954,0.0,0.0,0.0,0.0,0.0,0.2222222222222222,0.0,0.3410035019669452
0.8886346300533944,0.0,0.39726027397260266,0.7238649940262842,0.0,0.0,0.5,0.25,0.9780219780219781,0.9649122807017534,0.0,0.5123762376237624,1.0,0.4174311926605505,0.0,0.0,0.17706364209199754,0.0,0.0,0.0,1.0,0.5,0.0,0.33333333333333337,0.0,0.9740259740259738,0.5,0.4606060606060606,0.0,0.0,0.0,0.0,0.0,0.0,0.0,0.1111111111111111,0.0,0.2245535733189924
0.9092295957284515,1.0,0.0136986301369863,0.02665770609318996,0.0,0.0,0.75,0.25,0.9120879120879088,0.8596491228070136,0.49321266968325794,0.14108910891089105,1.0,0.02477064220183478,0.6482456140350877,0.0,0.3730308758664147,1.0,0.0,1.0,1.0,0.5,0.0,0.33333333333333337,0.0,0.8961038961038952,0.5,0.493939393939394,0.0,0.19767441860465115,0.0,0.0,0.0,0.0,0.0,0.1111111111111111,0.0,0.39986364771991034
0.01830663615560641,0.0,0.5342465753424658,0.5632467144563917,0.0,0.0,0.0,0.25,0.5384615384615365,0.2631578947368425,0.1085972850678733,0.36303630363036304,1.0,0.2513761467889908,0.0,0.0,0.06301197227473221,1.0,0.0,0.0,0.0,0.5,0.0,0.33333333333333337,0.0,0.45454545454545325,0.0,0.38181818181818183,0.3582089552238806,0.0,0.0,0.0,0.0,0.0,0.0,0.33333333333333337,0.25,0.022354151757547014
0.782608695652174,0.0,0.6575342465753425,0.6348566308243728,0.0,0.0,0.75,0.25,0.6813186813186789,0.49122807017543835,0.46606334841628966,0.6196369636963697,1.0,0.8394495412844036,0.0,0.0,0.4669187145557656,0.0,0.0,1.0,0.0,0.5,0.0,0.4999999999999999,0.5,0.6233766233766218,0.5,0.45151515151515154,0.0,0.0,0.0,0.0,0.0,0.0,0.0,0.2222222222222222,0.75,0.2859544447879129
0.5026697177726925,0.2857142857142857,0.5616438356164383,0.5993130227001195,0.0,0.0,0.75,0.25,0.9010989010988979,0.8596491228070136,0.4570135746606335,0.5222772277227723,1.0,0.428440366972477,0.7701754385964913,0.0,0.7378701953371141,0.0,0.0,1.0,1.0,0.5,0.0,0.6666666666666666,0.5,0.8831168831168839,0.5,0.546969696969697,0.573134328358209,0.4883720930232558,0.0,0.0,0.0,0.0,0.0,0.5555555555555555,0.5,0.5633170021130369
0.858886346300534,0.0,0.5616438356164383,0.5866935483870968,0.0,0.0,0.0,0.25,0.5164835164835146,0.5087719298245617,0.11538461538461539,0.4381188118811881,1.0,0.6385321100917432,0.0,0.0,0.3289224952741021,0.0,0.0,0.0,1.0,0.5,0.0,0.33333333333333337,0.5,0.5714285714285694,0.5,0.42272727272727273,0.0,0.47674418604651164,0.0,0.0,0.0,0.0,0.0,0.888888888888889,0.0,0.2478435590485829
0.13348588863463004,0.2857142857142857,0.5205479452054794,0.5928166069295102,0.0,0.0,0.75,0.25,0.9560439560439526,0.9298245614035068,0.22850678733031676,0.26402640264026406,1.0,0.14128440366972472,0.7263157894736842,0.0,0.5091367359798362,0.0,0.0,1.0,1.0,0.5,0.0,0.6666666666666666,0.0,0.9480519480519476,0.5,0.48484848484848486,0.4298507462686567,0.3953488372093023,0.0,0.0,0.0,0.0,0.0,0.7777777777777778,0.25,0.3833489305662007
0.04347826086956522,0.2857142857142857,0.7397260273972602,0.8080943847072879,0.0,0.0,0.75,0.5,0.5494505494505475,0.2807017543859658,0.6990950226244345,0.3333333333333333,1.0,0.4862385321100917,0.8254385964912281,0.0,0.8172652804032767,0.0,0.0,1.0,1.0,1.0,0.0,0.6666666666666666,1.0,0.46753246753246813,0.5,0.4651515151515152,0.31343283582089554,0.38372093023255816,0.0,0.0,0.0,0.0,0.0,0.33333333333333337,0.0,0.5781379021227764
0.7459954233409611,0.0,0.9452054794520547,0.5822132616487454,0.0,0.0,0.75,0.25,1.0,1.0,0.0,0.6567656765676566,1.0,0.5779816513761467,0.0,0.0,0.2873345935727789,0.0,0.0,1.0,0.0,0.5,0.0,0.33333333333333337,0.5,1.0,0.5,0.3939393939393939,0.0,0.11627906976744186,0.0,0.0,0.0,0.0,0.0,0.888888888888889,0.25,0.4686368583079613
0.2486651411136537,0.2857142857142857,0.4246575342465754,0.35446535244922345,0.0,0.0,0.75,0.25,0.989010989010989,1.0,0.22624434389140274,0.47194719471947194,1.0,0.39082568807339446,0.3842105263157895,0.0,0.4347826086956522,1.0,0.0,1.0,0.0,0.0,0.0,0.4999999999999999,0.0,1.0,0.5,0.390909090909091,0.0,0.9767441860465116,0.0,0.0,0.0,0.0,0.0,0.888888888888889,0.75,0.6416560450216597
0.06483600305110604,0.2857142857142857,0.9041095890410958,0.6850358422939067,0.0,0.0,0.75,0.25,0.9670329670329672,0.9649122807017534,0.0,0.38861386138613857,1.0,0.2798165137614679,0.8385964912280702,0.0,0.684940138626339,0.0,0.0,1.0,1.0,0.5,0.0,0.6666666666666666,0.5,0.9610389610389589,0.5,0.7545454545454546,0.0,0.7906976744186046,0.0,0.0,0.0,0.0,0.0,0.33333333333333337,1.0,0.7005161907746249
0.6018306636155606,0.0,0.6438356164383562,0.4699820788530466,0.0,0.0,0.5,0.25,0.7472527472527446,0.6140350877192944,0.0,0.4290429042904291,1.0,0.3770642201834862,0.0,0.0,0.1493383742911153,0.0,0.0,1.0,0.0,0.5,0.0,0.33333333333333337,0.0,0.7272727272727266,0.5,0.4545454545454546,0.0,0.0,0.0,0.0,0.0,0.0,0.0,0.33333333333333337,1.0,0.2647817304882851
0.8703279938977879,0.46428571428571425,0.4794520547945206,0.5097819593787336,0.0,0.0,0.25,0.25,0.5054945054945037,0.21052631578947256,0.0,0.3341584158415842,1.0,0.2871559633027523,0.0,0.0,0.08758664146187778,1.0,0.0,0.0,0.0,0.5,0.0,0.33333333333333337,0.0,0.4155844155844157,0.0,0.18181818181818182,0.44776119402985076,0.41860465116279066,0.0,0.0,0.0,0.0,0.0,0.33333333333333337,0.0,0.19067723043958784
0.8108314263920672,0.2142857142857143,0.6301369863013698,0.4646057347670251,0.0,0.0,0.5,0.25,0.3736263736263723,0.0,0.0,0.4224422442244224,1.0,0.3174311926605504,0.1929824561403509,0.0,0.24700693131695028,0.0,0.0,0.0,0.0,0.5,0.0,0.33333333333333337,0.0,0.2597402597402585,0.0,0.16363636363636364,0.0,0.0,0.5333333333333333,0.0,0.0,0.0,0.0,0.2222222222222222,0.5,0.12504181611074172
0.5453852021357742,0.0,0.2191780821917808,0.1957885304659498,0.0,0.0,0.0,0.75,0.4175824175824161,0.8771929824561369,0.0,0.31435643564356436,1.0,0.19724770642201828,0.0,0.0,0.025834908632640263,0.0,0.0,0.0,0.0,0.0,0.0,0.0,0.0,0.3116883116883109,0.0,0.15303030303030307,0.0,0.0,0.0,0.0,0.0,0.0,0.0,0.6666666666666666,0.5,0.07803839036556809
0.6559877955758963,0.0,0.39726027397260266,0.3814964157706093,0.0,0.0,0.75,0.25,0.9670329670329672,0.9473684210526301,0.47511312217194573,0.8085808580858085,1.0,0.7467889908256882,0.0,0.0,0.4032766225582861,0.0,0.0,1.0,0.0,0.5,0.0,0.33333333333333337,0.0,0.9610389610389589,0.5,0.5909090909090909,0.573134328358209,0.20930232558139533,0.0,0.0,0.0,0.0,0.0,0.6666666666666666,0.75,0.4256943591654563
0.4134248665141114,0.46428571428571425,0.6301369863013698,0.40486857825567496,0.0,0.0,0.5,0.75,0.5164835164835146,0.22807017543859587,0.35294117647058826,0.3432343234323432,1.0,0.3376146788990826,0.0,0.0,0.12224322621298045,1.0,0.0,0.0,0.0,0.5,0.0,0.33333333333333337,0.0,0.42857142857142705,0.5,0.4545454545454546,0.3582089552238806,0.0,0.0,0.0,0.0,0.0,0.0,0.33333333333333337,1.0,0.20338085901936453
0.20366132723112126,0.2857142857142857,0.6986301369863014,0.8074223416965352,0.0,0.0,1.0,0.25,0.9450549450549417,0.9122807017543835,0.0,0.36881188118811875,1.0,0.2816513761467889,0.8026315789473685,0.0,0.6603654694391934,0.0,0.0,1.0,1.0,1.0,0.0,0.8333333333333334,0.0,0.9350649350649327,0.5,0.38030303030303036,0.40298507462686567,0.0,0.0,0.0,0.0,0.0,0.0,0.2222222222222222,1.0,0.4803199620584959
0.1937452326468345,0.0,0.6301369863013698,0.6139486260454001,0.0,0.0,0.5,0.25,0.4835164835164818,0.17543859649122595,0.3959276018099548,0.7120462046204619,1.0,0.6394495412844037,0.0,0.0,0.3295526149968494,0.0,0.0,0.0,1.0,0.5,0.0,0.4999999999999999,0.0,0.3896103896103895,0.0,0.16969696969696973,0.0,0.2616279069767442,0.0,0.0,0.0,0.0,0.0,0.2222222222222222,0.0,0.23619856618378765
0.33409610983981697,0.7142857142857142,0.0821917808219178,0.25492831541218636,0.0,0.0,0.75,0.25,0.9780219780219781,0.9824561403508767,0.21266968325791857,0.6996699669966997,1.0,0.6256880733944954,0.0,0.0,0.3201008191556396,0.0,0.0,1.0,0.0,0.0,0.0,0.33333333333333337,0.5,0.9740259740259738,0.5,0.44545454545454544,0.3940298507462687,0.20348837209302326,0.0,0.0,0.0,0.0,0.0,0.1111111111111111,0.0,0.47932484448641344
0.29748283752860416,0.35714285714285715,0.5479452054794521,0.6429211469534051,0.0,0.0,0.5,0.75,0.1978021978021971,0.7894736842105274,0.0,0.16089108910891087,1.0,0.14954128440366965,0.7114035087719298,0.0,0.5040957781978577,0.0,0.0,0.0,1.0,0.5,0.0,0.33333333333333337,0.5,0.11688311688311614,0.0,0.09090909090909094,0.0,0.0,0.0,0.0,0.0,0.0,0.0,0.6666666666666666,0.5,0.4201894534475531
0.7848970251716247,0.0,0.4931506849315068,0.27045997610513733,0.0,0.0,0.25,0.75,0.4835164835164818,0.9122807017543835,0.10180995475113123,0.4042904290429043,1.0,0.41100917431192663,0.0,0.0,0.17265280403276628,0.0,0.0,0.0,0.0,0.0,0.0,0.33333333333333337,0.0,0.3896103896103895,0.0,0.11212121212121212,0.0,0.09302325581395349,0.0,0.0,0.0,0.0,0.0,0.2222222222222222,0.25,0.19279450186955072
0.6796338672768879,0.2857142857142857,0.6301369863013698,0.592741935483871,0.0,0.0,0.75,0.25,0.9450549450549417,0.9298245614035068,0.0995475113122172,0.245049504950495,1.0,0.12660550458715591,0.9385964912280702,0.0,0.6515437933207309,1.0,0.0,1.0,1.0,1.0,0.0,0.6666666666666666,0.5,0.9350649350649327,0.5,0.5,0.0,0.23255813953488372,0.0,0.0,0.0,0.0,0.0,0.0,1.0,0.5311344763776027
0.9244851258581236,0.2142857142857143,0.2191780821917808,0.1957885304659498,0.0,0.0,0.5,0.5,0.25274725274725185,0.0,0.0,0.2145214521452145,1.0,0.12752293577981644,0.5149122807017544,0.0,0.34782608695652173,0.0,0.0,0.0,0.0,1.0,0.0,0.33333333333333337,0.5,0.11688311688311614,0.0,0.15151515151515155,0.13432835820895522,0.0,0.0,0.0,0.0,0.0,0.0,0.33333333333333337,0.75,0.1822081447197368
0.7498093058733791,0.7142857142857142,0.12328767123287665,0.27434289127837513,0.0,0.0,0.75,0.25,0.9780219780219781,0.9649122807017534,0.5429864253393666,0.6963696369636962,1.0,0.6220183486238531,0.0,0.0,0.3175803402646503,1.0,0.0,1.0,0.0,0.0,0.0,0.33333333333333337,0.5,0.9740259740259738,0.5,0.4606060606060606,0.573134328358209,0.20930232558139533,0.0,0.0,0.0,0.0,0.0,0.4444444444444444,0.0,0.4081210062967652
0.47749809305873386,0.7142857142857142,0.34246575342465746,0.06750298685782558,0.0,0.0,0.75,0.25,0.9670329670329672,0.9473684210526301,0.0,0.7186468646864685,1.0,0.6467889908256881,0.0,0.0,0.33459357277882806,0.0,0.0,1.0,0.0,0.0,0.0,0.16666666666666663,0.0,0.9610389610389589,0.5,0.5303030303030303,0.46567164179104475,0.9186046511627907,0.0,0.0,0.0,0.0,0.0,0.5555555555555555,0.5,0.45110161632500967
0.8504958047292144,0.2857142857142857,0.4657534246575342,0.41494922341696533,0.0,0.0,0.75,0.25,0.9450549450549417,0.9122807017543835,0.2149321266968326,0.2566006600660066,1.0,0.1330275229357798,0.7271929824561404,0.0,0.5040957781978577,0.0,0.0,1.0,1.0,0.5,0.0,0.4999999999999999,0.0,0.9350649350649327,0.5,0.47424242424242424,0.4298507462686567,0.3953488372093023,0.0,0.0,0.0,0.0,0.0,0.5555555555555555,0.75,0.44686707346508403
